[2024-11-29 10:09:08] local.ERROR: Command "opimize" is not defined.

Did you mean one of these?
    optimize
    optimize:clear {"exception":"[object] (Symfony\\Component\\Console\\Exception\\CommandNotFoundException(code: 0): Command \"opimize\" is not defined.

Did you mean one of these?
    optimize
    optimize:clear at /var/www/www-root/data/www/inv.metu.kz/vendor/symfony/console/Application.php:737)
[stacktrace]
#0 /var/www/www-root/data/www/inv.metu.kz/vendor/symfony/console/Application.php(266): Symfony\\Component\\Console\\Application->find('opimize')
#1 /var/www/www-root/data/www/inv.metu.kz/vendor/symfony/console/Application.php(175): Symfony\\Component\\Console\\Application->doRun(Object(Symfony\\Component\\Console\\Input\\ArgvInput), Object(Symfony\\Component\\Console\\Output\\ConsoleOutput))
#2 /var/www/www-root/data/www/inv.metu.kz/vendor/laravel/framework/src/Illuminate/Foundation/Console/Kernel.php(201): Symfony\\Component\\Console\\Application->run(Object(Symfony\\Component\\Console\\Input\\ArgvInput), Object(Symfony\\Component\\Console\\Output\\ConsoleOutput))
#3 /var/www/www-root/data/www/inv.metu.kz/artisan(35): Illuminate\\Foundation\\Console\\Kernel->handle(Object(Symfony\\Component\\Console\\Input\\ArgvInput), Object(Symfony\\Component\\Console\\Output\\ConsoleOutput))
#4 {main}
"} 
[2025-01-09 19:20:06] local.ERROR: Class "Milon\Barcode\BarcodeServiceProvider" not found {"exception":"[object] (Error(code: 0): Class \"Milon\\Barcode\\BarcodeServiceProvider\" not found at /var/www/www-root/data/www/inv.metu.kz/vendor/laravel/framework/src/Illuminate/Foundation/ProviderRepository.php:206)
[stacktrace]
#0 /var/www/www-root/data/www/inv.metu.kz/vendor/laravel/framework/src/Illuminate/Foundation/ProviderRepository.php(142): Illuminate\\Foundation\\ProviderRepository->createProvider('Milon\\\\Barcode\\\\B...')
#1 /var/www/www-root/data/www/inv.metu.kz/vendor/laravel/framework/src/Illuminate/Foundation/ProviderRepository.php(61): Illuminate\\Foundation\\ProviderRepository->compileManifest(Array)
#2 /var/www/www-root/data/www/inv.metu.kz/vendor/laravel/framework/src/Illuminate/Foundation/Application.php(771): Illuminate\\Foundation\\ProviderRepository->load(Array)
#3 /var/www/www-root/data/www/inv.metu.kz/vendor/laravel/framework/src/Illuminate/Foundation/Bootstrap/RegisterProviders.php(17): Illuminate\\Foundation\\Application->registerConfiguredProviders()
#4 /var/www/www-root/data/www/inv.metu.kz/vendor/laravel/framework/src/Illuminate/Foundation/Application.php(263): Illuminate\\Foundation\\Bootstrap\\RegisterProviders->bootstrap(Object(Illuminate\\Foundation\\Application))
#5 /var/www/www-root/data/www/inv.metu.kz/vendor/laravel/framework/src/Illuminate/Foundation/Console/Kernel.php(447): Illuminate\\Foundation\\Application->bootstrapWith(Array)
#6 /var/www/www-root/data/www/inv.metu.kz/vendor/laravel/framework/src/Illuminate/Foundation/Console/ConfigCacheCommand.php(90): Illuminate\\Foundation\\Console\\Kernel->bootstrap()
#7 /var/www/www-root/data/www/inv.metu.kz/vendor/laravel/framework/src/Illuminate/Foundation/Console/ConfigCacheCommand.php(60): Illuminate\\Foundation\\Console\\ConfigCacheCommand->getFreshConfiguration()
#8 /var/www/www-root/data/www/inv.metu.kz/vendor/laravel/framework/src/Illuminate/Container/BoundMethod.php(36): Illuminate\\Foundation\\Console\\ConfigCacheCommand->handle()
#9 /var/www/www-root/data/www/inv.metu.kz/vendor/laravel/framework/src/Illuminate/Container/Util.php(41): Illuminate\\Container\\BoundMethod::Illuminate\\Container\\{closure}()
#10 /var/www/www-root/data/www/inv.metu.kz/vendor/laravel/framework/src/Illuminate/Container/BoundMethod.php(93): Illuminate\\Container\\Util::unwrapIfClosure(Object(Closure))
#11 /var/www/www-root/data/www/inv.metu.kz/vendor/laravel/framework/src/Illuminate/Container/BoundMethod.php(35): Illuminate\\Container\\BoundMethod::callBoundMethod(Object(Illuminate\\Foundation\\Application), Array, Object(Closure))
#12 /var/www/www-root/data/www/inv.metu.kz/vendor/laravel/framework/src/Illuminate/Container/Container.php(662): Illuminate\\Container\\BoundMethod::call(Object(Illuminate\\Foundation\\Application), Array, Array, NULL)
#13 /var/www/www-root/data/www/inv.metu.kz/vendor/laravel/framework/src/Illuminate/Console/Command.php(211): Illuminate\\Container\\Container->call(Array)
#14 /var/www/www-root/data/www/inv.metu.kz/vendor/symfony/console/Command/Command.php(326): Illuminate\\Console\\Command->execute(Object(Symfony\\Component\\Console\\Input\\ArrayInput), Object(Illuminate\\Console\\OutputStyle))
#15 /var/www/www-root/data/www/inv.metu.kz/vendor/laravel/framework/src/Illuminate/Console/Command.php(180): Symfony\\Component\\Console\\Command\\Command->run(Object(Symfony\\Component\\Console\\Input\\ArrayInput), Object(Illuminate\\Console\\OutputStyle))
#16 /var/www/www-root/data/www/inv.metu.kz/vendor/laravel/framework/src/Illuminate/Console/Concerns/CallsCommands.php(67): Illuminate\\Console\\Command->run(Object(Symfony\\Component\\Console\\Input\\ArrayInput), Object(Symfony\\Component\\Console\\Output\\NullOutput))
#17 /var/www/www-root/data/www/inv.metu.kz/vendor/laravel/framework/src/Illuminate/Console/Concerns/CallsCommands.php(40): Illuminate\\Console\\Command->runCommand('config:cache', Array, Object(Symfony\\Component\\Console\\Output\\NullOutput))
#18 /var/www/www-root/data/www/inv.metu.kz/vendor/laravel/framework/src/Illuminate/Foundation/Console/OptimizeCommand.php(35): Illuminate\\Console\\Command->callSilent('config:cache')
#19 /var/www/www-root/data/www/inv.metu.kz/vendor/laravel/framework/src/Illuminate/Console/View/Components/Task.php(37): Illuminate\\Foundation\\Console\\OptimizeCommand->Illuminate\\Foundation\\Console\\{closure}()
#20 /var/www/www-root/data/www/inv.metu.kz/vendor/laravel/framework/src/Illuminate/Console/View/Components/Factory.php(58): Illuminate\\Console\\View\\Components\\Task->render('config', Object(Closure))
#21 /var/www/www-root/data/www/inv.metu.kz/vendor/laravel/framework/src/Illuminate/Foundation/Console/OptimizeCommand.php(37): Illuminate\\Console\\View\\Components\\Factory->__call('task', Array)
#22 /var/www/www-root/data/www/inv.metu.kz/vendor/laravel/framework/src/Illuminate/Collections/Traits/EnumeratesValues.php(240): Illuminate\\Foundation\\Console\\OptimizeCommand->Illuminate\\Foundation\\Console\\{closure}(Object(Closure), 'config')
#23 /var/www/www-root/data/www/inv.metu.kz/vendor/laravel/framework/src/Illuminate/Foundation/Console/OptimizeCommand.php(37): Illuminate\\Support\\Collection->each(Object(Closure))
#24 /var/www/www-root/data/www/inv.metu.kz/vendor/laravel/framework/src/Illuminate/Container/BoundMethod.php(36): Illuminate\\Foundation\\Console\\OptimizeCommand->handle()
#25 /var/www/www-root/data/www/inv.metu.kz/vendor/laravel/framework/src/Illuminate/Container/Util.php(41): Illuminate\\Container\\BoundMethod::Illuminate\\Container\\{closure}()
#26 /var/www/www-root/data/www/inv.metu.kz/vendor/laravel/framework/src/Illuminate/Container/BoundMethod.php(93): Illuminate\\Container\\Util::unwrapIfClosure(Object(Closure))
#27 /var/www/www-root/data/www/inv.metu.kz/vendor/laravel/framework/src/Illuminate/Container/BoundMethod.php(35): Illuminate\\Container\\BoundMethod::callBoundMethod(Object(Illuminate\\Foundation\\Application), Array, Object(Closure))
#28 /var/www/www-root/data/www/inv.metu.kz/vendor/laravel/framework/src/Illuminate/Container/Container.php(662): Illuminate\\Container\\BoundMethod::call(Object(Illuminate\\Foundation\\Application), Array, Array, NULL)
#29 /var/www/www-root/data/www/inv.metu.kz/vendor/laravel/framework/src/Illuminate/Console/Command.php(211): Illuminate\\Container\\Container->call(Array)
#30 /var/www/www-root/data/www/inv.metu.kz/vendor/symfony/console/Command/Command.php(326): Illuminate\\Console\\Command->execute(Object(Symfony\\Component\\Console\\Input\\ArgvInput), Object(Illuminate\\Console\\OutputStyle))
#31 /var/www/www-root/data/www/inv.metu.kz/vendor/laravel/framework/src/Illuminate/Console/Command.php(180): Symfony\\Component\\Console\\Command\\Command->run(Object(Symfony\\Component\\Console\\Input\\ArgvInput), Object(Illuminate\\Console\\OutputStyle))
#32 /var/www/www-root/data/www/inv.metu.kz/vendor/symfony/console/Application.php(1096): Illuminate\\Console\\Command->run(Object(Symfony\\Component\\Console\\Input\\ArgvInput), Object(Symfony\\Component\\Console\\Output\\ConsoleOutput))
#33 /var/www/www-root/data/www/inv.metu.kz/vendor/symfony/console/Application.php(324): Symfony\\Component\\Console\\Application->doRunCommand(Object(Illuminate\\Foundation\\Console\\OptimizeCommand), Object(Symfony\\Component\\Console\\Input\\ArgvInput), Object(Symfony\\Component\\Console\\Output\\ConsoleOutput))
#34 /var/www/www-root/data/www/inv.metu.kz/vendor/symfony/console/Application.php(175): Symfony\\Component\\Console\\Application->doRun(Object(Symfony\\Component\\Console\\Input\\ArgvInput), Object(Symfony\\Component\\Console\\Output\\ConsoleOutput))
#35 /var/www/www-root/data/www/inv.metu.kz/vendor/laravel/framework/src/Illuminate/Foundation/Console/Kernel.php(201): Symfony\\Component\\Console\\Application->run(Object(Symfony\\Component\\Console\\Input\\ArgvInput), Object(Symfony\\Component\\Console\\Output\\ConsoleOutput))
#36 /var/www/www-root/data/www/inv.metu.kz/artisan(35): Illuminate\\Foundation\\Console\\Kernel->handle(Object(Symfony\\Component\\Console\\Input\\ArgvInput), Object(Symfony\\Component\\Console\\Output\\ConsoleOutput))
#37 {main}
"} 
[2025-01-09 19:31:47] local.ERROR: Class "Milon\Barcode\BarcodeServiceProvider" not found {"exception":"[object] (Error(code: 0): Class \"Milon\\Barcode\\BarcodeServiceProvider\" not found at /var/www/www-root/data/www/inv.metu.kz/vendor/laravel/framework/src/Illuminate/Foundation/ProviderRepository.php:206)
[stacktrace]
#0 /var/www/www-root/data/www/inv.metu.kz/vendor/laravel/framework/src/Illuminate/Foundation/ProviderRepository.php(142): Illuminate\\Foundation\\ProviderRepository->createProvider('Milon\\\\Barcode\\\\B...')
#1 /var/www/www-root/data/www/inv.metu.kz/vendor/laravel/framework/src/Illuminate/Foundation/ProviderRepository.php(61): Illuminate\\Foundation\\ProviderRepository->compileManifest(Array)
#2 /var/www/www-root/data/www/inv.metu.kz/vendor/laravel/framework/src/Illuminate/Foundation/Application.php(771): Illuminate\\Foundation\\ProviderRepository->load(Array)
#3 /var/www/www-root/data/www/inv.metu.kz/vendor/laravel/framework/src/Illuminate/Foundation/Bootstrap/RegisterProviders.php(17): Illuminate\\Foundation\\Application->registerConfiguredProviders()
#4 /var/www/www-root/data/www/inv.metu.kz/vendor/laravel/framework/src/Illuminate/Foundation/Application.php(263): Illuminate\\Foundation\\Bootstrap\\RegisterProviders->bootstrap(Object(Illuminate\\Foundation\\Application))
#5 /var/www/www-root/data/www/inv.metu.kz/vendor/laravel/framework/src/Illuminate/Foundation/Console/Kernel.php(447): Illuminate\\Foundation\\Application->bootstrapWith(Array)
#6 /var/www/www-root/data/www/inv.metu.kz/vendor/laravel/framework/src/Illuminate/Foundation/Console/Kernel.php(199): Illuminate\\Foundation\\Console\\Kernel->bootstrap()
#7 /var/www/www-root/data/www/inv.metu.kz/artisan(35): Illuminate\\Foundation\\Console\\Kernel->handle(Object(Symfony\\Component\\Console\\Input\\ArgvInput), Object(Symfony\\Component\\Console\\Output\\ConsoleOutput))
#8 {main}
"} 
[2025-01-09 19:57:12] local.ERROR: Class "Milon\Barcode\BarcodeServiceProvider" not found {"exception":"[object] (Error(code: 0): Class \"Milon\\Barcode\\BarcodeServiceProvider\" not found at /var/www/www-root/data/www/inv.metu.kz/vendor/laravel/framework/src/Illuminate/Foundation/ProviderRepository.php:206)
[stacktrace]
#0 /var/www/www-root/data/www/inv.metu.kz/vendor/laravel/framework/src/Illuminate/Foundation/ProviderRepository.php(142): Illuminate\\Foundation\\ProviderRepository->createProvider('Milon\\\\Barcode\\\\B...')
#1 /var/www/www-root/data/www/inv.metu.kz/vendor/laravel/framework/src/Illuminate/Foundation/ProviderRepository.php(61): Illuminate\\Foundation\\ProviderRepository->compileManifest(Array)
#2 /var/www/www-root/data/www/inv.metu.kz/vendor/laravel/framework/src/Illuminate/Foundation/Application.php(771): Illuminate\\Foundation\\ProviderRepository->load(Array)
#3 /var/www/www-root/data/www/inv.metu.kz/vendor/laravel/framework/src/Illuminate/Foundation/Bootstrap/RegisterProviders.php(17): Illuminate\\Foundation\\Application->registerConfiguredProviders()
#4 /var/www/www-root/data/www/inv.metu.kz/vendor/laravel/framework/src/Illuminate/Foundation/Application.php(263): Illuminate\\Foundation\\Bootstrap\\RegisterProviders->bootstrap(Object(Illuminate\\Foundation\\Application))
#5 /var/www/www-root/data/www/inv.metu.kz/vendor/laravel/framework/src/Illuminate/Foundation/Console/Kernel.php(447): Illuminate\\Foundation\\Application->bootstrapWith(Array)
#6 /var/www/www-root/data/www/inv.metu.kz/vendor/laravel/framework/src/Illuminate/Foundation/Console/Kernel.php(199): Illuminate\\Foundation\\Console\\Kernel->bootstrap()
#7 /var/www/www-root/data/www/inv.metu.kz/artisan(35): Illuminate\\Foundation\\Console\\Kernel->handle(Object(Symfony\\Component\\Console\\Input\\ArgvInput), Object(Symfony\\Component\\Console\\Output\\ConsoleOutput))
#8 {main}
"} 
[2025-01-09 19:59:53] local.ERROR: Class "Milon\Barcode\BarcodeServiceProvider" not found {"exception":"[object] (Error(code: 0): Class \"Milon\\Barcode\\BarcodeServiceProvider\" not found at /var/www/www-root/data/www/inv.metu.kz/vendor/laravel/framework/src/Illuminate/Foundation/ProviderRepository.php:206)
[stacktrace]
#0 /var/www/www-root/data/www/inv.metu.kz/vendor/laravel/framework/src/Illuminate/Foundation/ProviderRepository.php(142): Illuminate\\Foundation\\ProviderRepository->createProvider('Milon\\\\Barcode\\\\B...')
#1 /var/www/www-root/data/www/inv.metu.kz/vendor/laravel/framework/src/Illuminate/Foundation/ProviderRepository.php(61): Illuminate\\Foundation\\ProviderRepository->compileManifest(Array)
#2 /var/www/www-root/data/www/inv.metu.kz/vendor/laravel/framework/src/Illuminate/Foundation/Application.php(771): Illuminate\\Foundation\\ProviderRepository->load(Array)
#3 /var/www/www-root/data/www/inv.metu.kz/vendor/laravel/framework/src/Illuminate/Foundation/Bootstrap/RegisterProviders.php(17): Illuminate\\Foundation\\Application->registerConfiguredProviders()
#4 /var/www/www-root/data/www/inv.metu.kz/vendor/laravel/framework/src/Illuminate/Foundation/Application.php(263): Illuminate\\Foundation\\Bootstrap\\RegisterProviders->bootstrap(Object(Illuminate\\Foundation\\Application))
#5 /var/www/www-root/data/www/inv.metu.kz/vendor/laravel/framework/src/Illuminate/Foundation/Console/Kernel.php(447): Illuminate\\Foundation\\Application->bootstrapWith(Array)
#6 /var/www/www-root/data/www/inv.metu.kz/vendor/laravel/framework/src/Illuminate/Foundation/Console/Kernel.php(199): Illuminate\\Foundation\\Console\\Kernel->bootstrap()
#7 /var/www/www-root/data/www/inv.metu.kz/artisan(35): Illuminate\\Foundation\\Console\\Kernel->handle(Object(Symfony\\Component\\Console\\Input\\ArgvInput), Object(Symfony\\Component\\Console\\Output\\ConsoleOutput))
#8 {main}
"} 
[2025-01-09 20:01:21] local.ERROR: Class "Milon\Barcode\BarcodeServiceProvider" not found {"exception":"[object] (Error(code: 0): Class \"Milon\\Barcode\\BarcodeServiceProvider\" not found at /var/www/www-root/data/www/inv.metu.kz/vendor/laravel/framework/src/Illuminate/Foundation/ProviderRepository.php:206)
[stacktrace]
#0 /var/www/www-root/data/www/inv.metu.kz/vendor/laravel/framework/src/Illuminate/Foundation/ProviderRepository.php(142): Illuminate\\Foundation\\ProviderRepository->createProvider('Milon\\\\Barcode\\\\B...')
#1 /var/www/www-root/data/www/inv.metu.kz/vendor/laravel/framework/src/Illuminate/Foundation/ProviderRepository.php(61): Illuminate\\Foundation\\ProviderRepository->compileManifest(Array)
#2 /var/www/www-root/data/www/inv.metu.kz/vendor/laravel/framework/src/Illuminate/Foundation/Application.php(771): Illuminate\\Foundation\\ProviderRepository->load(Array)
#3 /var/www/www-root/data/www/inv.metu.kz/vendor/laravel/framework/src/Illuminate/Foundation/Bootstrap/RegisterProviders.php(17): Illuminate\\Foundation\\Application->registerConfiguredProviders()
#4 /var/www/www-root/data/www/inv.metu.kz/vendor/laravel/framework/src/Illuminate/Foundation/Application.php(263): Illuminate\\Foundation\\Bootstrap\\RegisterProviders->bootstrap(Object(Illuminate\\Foundation\\Application))
#5 /var/www/www-root/data/www/inv.metu.kz/vendor/laravel/framework/src/Illuminate/Foundation/Console/Kernel.php(447): Illuminate\\Foundation\\Application->bootstrapWith(Array)
#6 /var/www/www-root/data/www/inv.metu.kz/vendor/laravel/framework/src/Illuminate/Foundation/Console/Kernel.php(199): Illuminate\\Foundation\\Console\\Kernel->bootstrap()
#7 /var/www/www-root/data/www/inv.metu.kz/artisan(35): Illuminate\\Foundation\\Console\\Kernel->handle(Object(Symfony\\Component\\Console\\Input\\ArgvInput), Object(Symfony\\Component\\Console\\Output\\ConsoleOutput))
#8 {main}
"} 
[2025-01-09 20:04:17] local.ERROR: Class "Milon\Barcode\BarcodeServiceProvider" not found {"exception":"[object] (Error(code: 0): Class \"Milon\\Barcode\\BarcodeServiceProvider\" not found at /var/www/www-root/data/www/inv.metu.kz/vendor/laravel/framework/src/Illuminate/Foundation/ProviderRepository.php:206)
[stacktrace]
#0 /var/www/www-root/data/www/inv.metu.kz/vendor/laravel/framework/src/Illuminate/Foundation/ProviderRepository.php(142): Illuminate\\Foundation\\ProviderRepository->createProvider('Milon\\\\Barcode\\\\B...')
#1 /var/www/www-root/data/www/inv.metu.kz/vendor/laravel/framework/src/Illuminate/Foundation/ProviderRepository.php(61): Illuminate\\Foundation\\ProviderRepository->compileManifest(Array)
#2 /var/www/www-root/data/www/inv.metu.kz/vendor/laravel/framework/src/Illuminate/Foundation/Application.php(771): Illuminate\\Foundation\\ProviderRepository->load(Array)
#3 /var/www/www-root/data/www/inv.metu.kz/vendor/laravel/framework/src/Illuminate/Foundation/Bootstrap/RegisterProviders.php(17): Illuminate\\Foundation\\Application->registerConfiguredProviders()
#4 /var/www/www-root/data/www/inv.metu.kz/vendor/laravel/framework/src/Illuminate/Foundation/Application.php(263): Illuminate\\Foundation\\Bootstrap\\RegisterProviders->bootstrap(Object(Illuminate\\Foundation\\Application))
#5 /var/www/www-root/data/www/inv.metu.kz/vendor/laravel/framework/src/Illuminate/Foundation/Console/Kernel.php(447): Illuminate\\Foundation\\Application->bootstrapWith(Array)
#6 /var/www/www-root/data/www/inv.metu.kz/vendor/laravel/framework/src/Illuminate/Foundation/Console/Kernel.php(199): Illuminate\\Foundation\\Console\\Kernel->bootstrap()
#7 /var/www/www-root/data/www/inv.metu.kz/artisan(35): Illuminate\\Foundation\\Console\\Kernel->handle(Object(Symfony\\Component\\Console\\Input\\ArgvInput), Object(Symfony\\Component\\Console\\Output\\ConsoleOutput))
#8 {main}
"} 
[2025-01-10 14:23:01] local.ERROR: Class "Milon\Barcode\BarcodeServiceProvider" not found {"exception":"[object] (Error(code: 0): Class \"Milon\\Barcode\\BarcodeServiceProvider\" not found at /var/www/www-root/data/www/inv.metu.kz/vendor/laravel/framework/src/Illuminate/Foundation/ProviderRepository.php:206)
[stacktrace]
#0 /var/www/www-root/data/www/inv.metu.kz/vendor/laravel/framework/src/Illuminate/Foundation/ProviderRepository.php(142): Illuminate\\Foundation\\ProviderRepository->createProvider('Milon\\\\Barcode\\\\B...')
#1 /var/www/www-root/data/www/inv.metu.kz/vendor/laravel/framework/src/Illuminate/Foundation/ProviderRepository.php(61): Illuminate\\Foundation\\ProviderRepository->compileManifest(Array)
#2 /var/www/www-root/data/www/inv.metu.kz/vendor/laravel/framework/src/Illuminate/Foundation/Application.php(771): Illuminate\\Foundation\\ProviderRepository->load(Array)
#3 /var/www/www-root/data/www/inv.metu.kz/vendor/laravel/framework/src/Illuminate/Foundation/Bootstrap/RegisterProviders.php(17): Illuminate\\Foundation\\Application->registerConfiguredProviders()
#4 /var/www/www-root/data/www/inv.metu.kz/vendor/laravel/framework/src/Illuminate/Foundation/Application.php(263): Illuminate\\Foundation\\Bootstrap\\RegisterProviders->bootstrap(Object(Illuminate\\Foundation\\Application))
#5 /var/www/www-root/data/www/inv.metu.kz/vendor/laravel/framework/src/Illuminate/Foundation/Console/Kernel.php(447): Illuminate\\Foundation\\Application->bootstrapWith(Array)
#6 /var/www/www-root/data/www/inv.metu.kz/vendor/laravel/framework/src/Illuminate/Foundation/Console/Kernel.php(199): Illuminate\\Foundation\\Console\\Kernel->bootstrap()
#7 /var/www/www-root/data/www/inv.metu.kz/artisan(35): Illuminate\\Foundation\\Console\\Kernel->handle(Object(Symfony\\Component\\Console\\Input\\ArgvInput), Object(Symfony\\Component\\Console\\Output\\ConsoleOutput))
#8 {main}
"} 
[2025-01-10 14:24:07] local.ERROR: Class "Milon\Barcode\BarcodeServiceProvider" not found {"exception":"[object] (Error(code: 0): Class \"Milon\\Barcode\\BarcodeServiceProvider\" not found at /var/www/www-root/data/www/inv.metu.kz/vendor/laravel/framework/src/Illuminate/Foundation/ProviderRepository.php:206)
[stacktrace]
#0 /var/www/www-root/data/www/inv.metu.kz/vendor/laravel/framework/src/Illuminate/Foundation/ProviderRepository.php(142): Illuminate\\Foundation\\ProviderRepository->createProvider('Milon\\\\Barcode\\\\B...')
#1 /var/www/www-root/data/www/inv.metu.kz/vendor/laravel/framework/src/Illuminate/Foundation/ProviderRepository.php(61): Illuminate\\Foundation\\ProviderRepository->compileManifest(Array)
#2 /var/www/www-root/data/www/inv.metu.kz/vendor/laravel/framework/src/Illuminate/Foundation/Application.php(771): Illuminate\\Foundation\\ProviderRepository->load(Array)
#3 /var/www/www-root/data/www/inv.metu.kz/vendor/laravel/framework/src/Illuminate/Foundation/Bootstrap/RegisterProviders.php(17): Illuminate\\Foundation\\Application->registerConfiguredProviders()
#4 /var/www/www-root/data/www/inv.metu.kz/vendor/laravel/framework/src/Illuminate/Foundation/Application.php(263): Illuminate\\Foundation\\Bootstrap\\RegisterProviders->bootstrap(Object(Illuminate\\Foundation\\Application))
#5 /var/www/www-root/data/www/inv.metu.kz/vendor/laravel/framework/src/Illuminate/Foundation/Console/Kernel.php(447): Illuminate\\Foundation\\Application->bootstrapWith(Array)
#6 /var/www/www-root/data/www/inv.metu.kz/vendor/laravel/framework/src/Illuminate/Foundation/Console/Kernel.php(199): Illuminate\\Foundation\\Console\\Kernel->bootstrap()
#7 /var/www/www-root/data/www/inv.metu.kz/artisan(35): Illuminate\\Foundation\\Console\\Kernel->handle(Object(Symfony\\Component\\Console\\Input\\ArgvInput), Object(Symfony\\Component\\Console\\Output\\ConsoleOutput))
#8 {main}
"} 
[2025-01-10 14:31:00] local.ERROR: Class "Milon\Barcode\BarcodeServiceProvider" not found {"exception":"[object] (Error(code: 0): Class \"Milon\\Barcode\\BarcodeServiceProvider\" not found at /var/www/www-root/data/www/inv.metu.kz/vendor/laravel/framework/src/Illuminate/Foundation/ProviderRepository.php:206)
[stacktrace]
#0 /var/www/www-root/data/www/inv.metu.kz/vendor/laravel/framework/src/Illuminate/Foundation/ProviderRepository.php(142): Illuminate\\Foundation\\ProviderRepository->createProvider('Milon\\\\Barcode\\\\B...')
#1 /var/www/www-root/data/www/inv.metu.kz/vendor/laravel/framework/src/Illuminate/Foundation/ProviderRepository.php(61): Illuminate\\Foundation\\ProviderRepository->compileManifest(Array)
#2 /var/www/www-root/data/www/inv.metu.kz/vendor/laravel/framework/src/Illuminate/Foundation/Application.php(771): Illuminate\\Foundation\\ProviderRepository->load(Array)
#3 /var/www/www-root/data/www/inv.metu.kz/vendor/laravel/framework/src/Illuminate/Foundation/Bootstrap/RegisterProviders.php(17): Illuminate\\Foundation\\Application->registerConfiguredProviders()
#4 /var/www/www-root/data/www/inv.metu.kz/vendor/laravel/framework/src/Illuminate/Foundation/Application.php(263): Illuminate\\Foundation\\Bootstrap\\RegisterProviders->bootstrap(Object(Illuminate\\Foundation\\Application))
#5 /var/www/www-root/data/www/inv.metu.kz/vendor/laravel/framework/src/Illuminate/Foundation/Console/Kernel.php(447): Illuminate\\Foundation\\Application->bootstrapWith(Array)
#6 /var/www/www-root/data/www/inv.metu.kz/vendor/laravel/framework/src/Illuminate/Foundation/Console/Kernel.php(199): Illuminate\\Foundation\\Console\\Kernel->bootstrap()
#7 /var/www/www-root/data/www/inv.metu.kz/artisan(35): Illuminate\\Foundation\\Console\\Kernel->handle(Object(Symfony\\Component\\Console\\Input\\ArgvInput), Object(Symfony\\Component\\Console\\Output\\ConsoleOutput))
#8 {main}
"} 
[2025-01-10 14:56:36] local.ERROR: Class "Milon\Barcode\BarcodeServiceProvider" not found {"exception":"[object] (Error(code: 0): Class \"Milon\\Barcode\\BarcodeServiceProvider\" not found at /var/www/www-root/data/www/inv.metu.kz/vendor/laravel/framework/src/Illuminate/Foundation/ProviderRepository.php:206)
[stacktrace]
#0 /var/www/www-root/data/www/inv.metu.kz/vendor/laravel/framework/src/Illuminate/Foundation/ProviderRepository.php(142): Illuminate\\Foundation\\ProviderRepository->createProvider('Milon\\\\Barcode\\\\B...')
#1 /var/www/www-root/data/www/inv.metu.kz/vendor/laravel/framework/src/Illuminate/Foundation/ProviderRepository.php(61): Illuminate\\Foundation\\ProviderRepository->compileManifest(Array)
#2 /var/www/www-root/data/www/inv.metu.kz/vendor/laravel/framework/src/Illuminate/Foundation/Application.php(771): Illuminate\\Foundation\\ProviderRepository->load(Array)
#3 /var/www/www-root/data/www/inv.metu.kz/vendor/laravel/framework/src/Illuminate/Foundation/Bootstrap/RegisterProviders.php(17): Illuminate\\Foundation\\Application->registerConfiguredProviders()
#4 /var/www/www-root/data/www/inv.metu.kz/vendor/laravel/framework/src/Illuminate/Foundation/Application.php(263): Illuminate\\Foundation\\Bootstrap\\RegisterProviders->bootstrap(Object(Illuminate\\Foundation\\Application))
#5 /var/www/www-root/data/www/inv.metu.kz/vendor/laravel/framework/src/Illuminate/Foundation/Console/Kernel.php(447): Illuminate\\Foundation\\Application->bootstrapWith(Array)
#6 /var/www/www-root/data/www/inv.metu.kz/vendor/laravel/framework/src/Illuminate/Foundation/Console/Kernel.php(199): Illuminate\\Foundation\\Console\\Kernel->bootstrap()
#7 /var/www/www-root/data/www/inv.metu.kz/artisan(35): Illuminate\\Foundation\\Console\\Kernel->handle(Object(Symfony\\Component\\Console\\Input\\ArgvInput), Object(Symfony\\Component\\Console\\Output\\ConsoleOutput))
#8 {main}
"} 
[2025-01-10 14:56:45] local.ERROR: Class "Milon\Barcode\BarcodeServiceProvider" not found {"exception":"[object] (Error(code: 0): Class \"Milon\\Barcode\\BarcodeServiceProvider\" not found at /var/www/www-root/data/www/inv.metu.kz/vendor/laravel/framework/src/Illuminate/Foundation/ProviderRepository.php:206)
[stacktrace]
#0 /var/www/www-root/data/www/inv.metu.kz/vendor/laravel/framework/src/Illuminate/Foundation/ProviderRepository.php(142): Illuminate\\Foundation\\ProviderRepository->createProvider('Milon\\\\Barcode\\\\B...')
#1 /var/www/www-root/data/www/inv.metu.kz/vendor/laravel/framework/src/Illuminate/Foundation/ProviderRepository.php(61): Illuminate\\Foundation\\ProviderRepository->compileManifest(Array)
#2 /var/www/www-root/data/www/inv.metu.kz/vendor/laravel/framework/src/Illuminate/Foundation/Application.php(771): Illuminate\\Foundation\\ProviderRepository->load(Array)
#3 /var/www/www-root/data/www/inv.metu.kz/vendor/laravel/framework/src/Illuminate/Foundation/Bootstrap/RegisterProviders.php(17): Illuminate\\Foundation\\Application->registerConfiguredProviders()
#4 /var/www/www-root/data/www/inv.metu.kz/vendor/laravel/framework/src/Illuminate/Foundation/Application.php(263): Illuminate\\Foundation\\Bootstrap\\RegisterProviders->bootstrap(Object(Illuminate\\Foundation\\Application))
#5 /var/www/www-root/data/www/inv.metu.kz/vendor/laravel/framework/src/Illuminate/Foundation/Console/Kernel.php(447): Illuminate\\Foundation\\Application->bootstrapWith(Array)
#6 /var/www/www-root/data/www/inv.metu.kz/vendor/laravel/framework/src/Illuminate/Foundation/Console/Kernel.php(199): Illuminate\\Foundation\\Console\\Kernel->bootstrap()
#7 /var/www/www-root/data/www/inv.metu.kz/artisan(35): Illuminate\\Foundation\\Console\\Kernel->handle(Object(Symfony\\Component\\Console\\Input\\ArgvInput), Object(Symfony\\Component\\Console\\Output\\ConsoleOutput))
#8 {main}
"} 
[2025-01-10 19:21:57] local.ERROR: Class "Milon\Barcode\BarcodeServiceProvider" not found {"exception":"[object] (Error(code: 0): Class \"Milon\\Barcode\\BarcodeServiceProvider\" not found at /var/www/www-root/data/www/inv.metu.kz/vendor/laravel/framework/src/Illuminate/Foundation/ProviderRepository.php:206)
[stacktrace]
#0 /var/www/www-root/data/www/inv.metu.kz/vendor/laravel/framework/src/Illuminate/Foundation/ProviderRepository.php(142): Illuminate\\Foundation\\ProviderRepository->createProvider('Milon\\\\Barcode\\\\B...')
#1 /var/www/www-root/data/www/inv.metu.kz/vendor/laravel/framework/src/Illuminate/Foundation/ProviderRepository.php(61): Illuminate\\Foundation\\ProviderRepository->compileManifest(Array)
#2 /var/www/www-root/data/www/inv.metu.kz/vendor/laravel/framework/src/Illuminate/Foundation/Application.php(771): Illuminate\\Foundation\\ProviderRepository->load(Array)
#3 /var/www/www-root/data/www/inv.metu.kz/vendor/laravel/framework/src/Illuminate/Foundation/Bootstrap/RegisterProviders.php(17): Illuminate\\Foundation\\Application->registerConfiguredProviders()
#4 /var/www/www-root/data/www/inv.metu.kz/vendor/laravel/framework/src/Illuminate/Foundation/Application.php(263): Illuminate\\Foundation\\Bootstrap\\RegisterProviders->bootstrap(Object(Illuminate\\Foundation\\Application))
#5 /var/www/www-root/data/www/inv.metu.kz/vendor/laravel/framework/src/Illuminate/Foundation/Console/Kernel.php(447): Illuminate\\Foundation\\Application->bootstrapWith(Array)
#6 /var/www/www-root/data/www/inv.metu.kz/vendor/laravel/framework/src/Illuminate/Foundation/Console/Kernel.php(199): Illuminate\\Foundation\\Console\\Kernel->bootstrap()
#7 /var/www/www-root/data/www/inv.metu.kz/artisan(35): Illuminate\\Foundation\\Console\\Kernel->handle(Object(Symfony\\Component\\Console\\Input\\ArgvInput), Object(Symfony\\Component\\Console\\Output\\ConsoleOutput))
#8 {main}
"} 
[2025-03-03 11:14:15] local.ERROR: SQLSTATE[42S01]: Base table or view already exists: 1050 Table 'token' already exists (Connection: mysql, SQL: create table `token` (`id` bigint unsigned not null auto_increment primary key, `TutorID` int not null, `token` varchar(255) not null, `created_at` timestamp null, `updated_at` timestamp null) default character set utf8mb4 collate 'utf8mb4_unicode_ci') {"exception":"[object] (Illuminate\\Database\\QueryException(code: 42S01): SQLSTATE[42S01]: Base table or view already exists: 1050 Table 'token' already exists (Connection: mysql, SQL: create table `token` (`id` bigint unsigned not null auto_increment primary key, `TutorID` int not null, `token` varchar(255) not null, `created_at` timestamp null, `updated_at` timestamp null) default character set utf8mb4 collate 'utf8mb4_unicode_ci') at /var/www/www-root/data/www/inv.metu.kz/vendor/laravel/framework/src/Illuminate/Database/Connection.php:829)
[stacktrace]
#0 /var/www/www-root/data/www/inv.metu.kz/vendor/laravel/framework/src/Illuminate/Database/Connection.php(783): Illuminate\\Database\\Connection->runQueryCallback('create table `t...', Array, Object(Closure))
#1 /var/www/www-root/data/www/inv.metu.kz/vendor/laravel/framework/src/Illuminate/Database/Connection.php(576): Illuminate\\Database\\Connection->run('create table `t...', Array, Object(Closure))
#2 /var/www/www-root/data/www/inv.metu.kz/vendor/laravel/framework/src/Illuminate/Database/Schema/Blueprint.php(110): Illuminate\\Database\\Connection->statement('create table `t...')
#3 /var/www/www-root/data/www/inv.metu.kz/vendor/laravel/framework/src/Illuminate/Database/Schema/Builder.php(602): Illuminate\\Database\\Schema\\Blueprint->build(Object(Illuminate\\Database\\MySqlConnection), Object(Illuminate\\Database\\Schema\\Grammars\\MySqlGrammar))
#4 /var/www/www-root/data/www/inv.metu.kz/vendor/laravel/framework/src/Illuminate/Database/Schema/Builder.php(456): Illuminate\\Database\\Schema\\Builder->build(Object(Illuminate\\Database\\Schema\\Blueprint))
#5 /var/www/www-root/data/www/inv.metu.kz/vendor/laravel/framework/src/Illuminate/Support/Facades/Facade.php(355): Illuminate\\Database\\Schema\\Builder->create('token', Object(Closure))
#6 /var/www/www-root/data/www/inv.metu.kz/database/migrations/2024_04_12_164125_create_token_table.php(14): Illuminate\\Support\\Facades\\Facade::__callStatic('create', Array)
#7 /var/www/www-root/data/www/inv.metu.kz/vendor/laravel/framework/src/Illuminate/Database/Migrations/Migrator.php(493): Illuminate\\Database\\Migrations\\Migration@anonymous->up()
#8 /var/www/www-root/data/www/inv.metu.kz/vendor/laravel/framework/src/Illuminate/Database/Migrations/Migrator.php(410): Illuminate\\Database\\Migrations\\Migrator->runMethod(Object(Illuminate\\Database\\MySqlConnection), Object(Illuminate\\Database\\Migrations\\Migration@anonymous), 'up')
#9 /var/www/www-root/data/www/inv.metu.kz/vendor/laravel/framework/src/Illuminate/Database/Migrations/Migrator.php(419): Illuminate\\Database\\Migrations\\Migrator->Illuminate\\Database\\Migrations\\{closure}()
#10 /var/www/www-root/data/www/inv.metu.kz/vendor/laravel/framework/src/Illuminate/Database/Migrations/Migrator.php(216): Illuminate\\Database\\Migrations\\Migrator->runMigration(Object(Illuminate\\Database\\Migrations\\Migration@anonymous), 'up')
#11 /var/www/www-root/data/www/inv.metu.kz/vendor/laravel/framework/src/Illuminate/Console/View/Components/Task.php(37): Illuminate\\Database\\Migrations\\Migrator->Illuminate\\Database\\Migrations\\{closure}()
#12 /var/www/www-root/data/www/inv.metu.kz/vendor/laravel/framework/src/Illuminate/Database/Migrations/Migrator.php(756): Illuminate\\Console\\View\\Components\\Task->render('2024_04_12_1641...', Object(Closure))
#13 /var/www/www-root/data/www/inv.metu.kz/vendor/laravel/framework/src/Illuminate/Database/Migrations/Migrator.php(216): Illuminate\\Database\\Migrations\\Migrator->write('Illuminate\\\\Cons...', '2024_04_12_1641...', Object(Closure))
#14 /var/www/www-root/data/www/inv.metu.kz/vendor/laravel/framework/src/Illuminate/Database/Migrations/Migrator.php(181): Illuminate\\Database\\Migrations\\Migrator->runUp('/var/www/www-ro...', 1, false)
#15 /var/www/www-root/data/www/inv.metu.kz/vendor/laravel/framework/src/Illuminate/Database/Migrations/Migrator.php(124): Illuminate\\Database\\Migrations\\Migrator->runPending(Array, Array)
#16 /var/www/www-root/data/www/inv.metu.kz/vendor/laravel/framework/src/Illuminate/Database/Console/Migrations/MigrateCommand.php(90): Illuminate\\Database\\Migrations\\Migrator->run(Array, Array)
#17 /var/www/www-root/data/www/inv.metu.kz/vendor/laravel/framework/src/Illuminate/Database/Migrations/Migrator.php(633): Illuminate\\Database\\Console\\Migrations\\MigrateCommand->Illuminate\\Database\\Console\\Migrations\\{closure}()
#18 /var/www/www-root/data/www/inv.metu.kz/vendor/laravel/framework/src/Illuminate/Database/Console/Migrations/MigrateCommand.php(83): Illuminate\\Database\\Migrations\\Migrator->usingConnection(NULL, Object(Closure))
#19 /var/www/www-root/data/www/inv.metu.kz/vendor/laravel/framework/src/Illuminate/Container/BoundMethod.php(36): Illuminate\\Database\\Console\\Migrations\\MigrateCommand->handle()
#20 /var/www/www-root/data/www/inv.metu.kz/vendor/laravel/framework/src/Illuminate/Container/Util.php(41): Illuminate\\Container\\BoundMethod::Illuminate\\Container\\{closure}()
#21 /var/www/www-root/data/www/inv.metu.kz/vendor/laravel/framework/src/Illuminate/Container/BoundMethod.php(93): Illuminate\\Container\\Util::unwrapIfClosure(Object(Closure))
#22 /var/www/www-root/data/www/inv.metu.kz/vendor/laravel/framework/src/Illuminate/Container/BoundMethod.php(35): Illuminate\\Container\\BoundMethod::callBoundMethod(Object(Illuminate\\Foundation\\Application), Array, Object(Closure))
#23 /var/www/www-root/data/www/inv.metu.kz/vendor/laravel/framework/src/Illuminate/Container/Container.php(662): Illuminate\\Container\\BoundMethod::call(Object(Illuminate\\Foundation\\Application), Array, Array, NULL)
#24 /var/www/www-root/data/www/inv.metu.kz/vendor/laravel/framework/src/Illuminate/Console/Command.php(211): Illuminate\\Container\\Container->call(Array)
#25 /var/www/www-root/data/www/inv.metu.kz/vendor/symfony/console/Command/Command.php(326): Illuminate\\Console\\Command->execute(Object(Symfony\\Component\\Console\\Input\\ArgvInput), Object(Illuminate\\Console\\OutputStyle))
#26 /var/www/www-root/data/www/inv.metu.kz/vendor/laravel/framework/src/Illuminate/Console/Command.php(180): Symfony\\Component\\Console\\Command\\Command->run(Object(Symfony\\Component\\Console\\Input\\ArgvInput), Object(Illuminate\\Console\\OutputStyle))
#27 /var/www/www-root/data/www/inv.metu.kz/vendor/symfony/console/Application.php(1096): Illuminate\\Console\\Command->run(Object(Symfony\\Component\\Console\\Input\\ArgvInput), Object(Symfony\\Component\\Console\\Output\\ConsoleOutput))
#28 /var/www/www-root/data/www/inv.metu.kz/vendor/symfony/console/Application.php(324): Symfony\\Component\\Console\\Application->doRunCommand(Object(Illuminate\\Database\\Console\\Migrations\\MigrateCommand), Object(Symfony\\Component\\Console\\Input\\ArgvInput), Object(Symfony\\Component\\Console\\Output\\ConsoleOutput))
#29 /var/www/www-root/data/www/inv.metu.kz/vendor/symfony/console/Application.php(175): Symfony\\Component\\Console\\Application->doRun(Object(Symfony\\Component\\Console\\Input\\ArgvInput), Object(Symfony\\Component\\Console\\Output\\ConsoleOutput))
#30 /var/www/www-root/data/www/inv.metu.kz/vendor/laravel/framework/src/Illuminate/Foundation/Console/Kernel.php(201): Symfony\\Component\\Console\\Application->run(Object(Symfony\\Component\\Console\\Input\\ArgvInput), Object(Symfony\\Component\\Console\\Output\\ConsoleOutput))
#31 /var/www/www-root/data/www/inv.metu.kz/artisan(35): Illuminate\\Foundation\\Console\\Kernel->handle(Object(Symfony\\Component\\Console\\Input\\ArgvInput), Object(Symfony\\Component\\Console\\Output\\ConsoleOutput))
#32 {main}

[previous exception] [object] (PDOException(code: 42S01): SQLSTATE[42S01]: Base table or view already exists: 1050 Table 'token' already exists at /var/www/www-root/data/www/inv.metu.kz/vendor/laravel/framework/src/Illuminate/Database/Connection.php:587)
[stacktrace]
#0 /var/www/www-root/data/www/inv.metu.kz/vendor/laravel/framework/src/Illuminate/Database/Connection.php(587): PDOStatement->execute()
#1 /var/www/www-root/data/www/inv.metu.kz/vendor/laravel/framework/src/Illuminate/Database/Connection.php(816): Illuminate\\Database\\Connection->Illuminate\\Database\\{closure}('create table `t...', Array)
#2 /var/www/www-root/data/www/inv.metu.kz/vendor/laravel/framework/src/Illuminate/Database/Connection.php(783): Illuminate\\Database\\Connection->runQueryCallback('create table `t...', Array, Object(Closure))
#3 /var/www/www-root/data/www/inv.metu.kz/vendor/laravel/framework/src/Illuminate/Database/Connection.php(576): Illuminate\\Database\\Connection->run('create table `t...', Array, Object(Closure))
#4 /var/www/www-root/data/www/inv.metu.kz/vendor/laravel/framework/src/Illuminate/Database/Schema/Blueprint.php(110): Illuminate\\Database\\Connection->statement('create table `t...')
#5 /var/www/www-root/data/www/inv.metu.kz/vendor/laravel/framework/src/Illuminate/Database/Schema/Builder.php(602): Illuminate\\Database\\Schema\\Blueprint->build(Object(Illuminate\\Database\\MySqlConnection), Object(Illuminate\\Database\\Schema\\Grammars\\MySqlGrammar))
#6 /var/www/www-root/data/www/inv.metu.kz/vendor/laravel/framework/src/Illuminate/Database/Schema/Builder.php(456): Illuminate\\Database\\Schema\\Builder->build(Object(Illuminate\\Database\\Schema\\Blueprint))
#7 /var/www/www-root/data/www/inv.metu.kz/vendor/laravel/framework/src/Illuminate/Support/Facades/Facade.php(355): Illuminate\\Database\\Schema\\Builder->create('token', Object(Closure))
#8 /var/www/www-root/data/www/inv.metu.kz/database/migrations/2024_04_12_164125_create_token_table.php(14): Illuminate\\Support\\Facades\\Facade::__callStatic('create', Array)
#9 /var/www/www-root/data/www/inv.metu.kz/vendor/laravel/framework/src/Illuminate/Database/Migrations/Migrator.php(493): Illuminate\\Database\\Migrations\\Migration@anonymous->up()
#10 /var/www/www-root/data/www/inv.metu.kz/vendor/laravel/framework/src/Illuminate/Database/Migrations/Migrator.php(410): Illuminate\\Database\\Migrations\\Migrator->runMethod(Object(Illuminate\\Database\\MySqlConnection), Object(Illuminate\\Database\\Migrations\\Migration@anonymous), 'up')
#11 /var/www/www-root/data/www/inv.metu.kz/vendor/laravel/framework/src/Illuminate/Database/Migrations/Migrator.php(419): Illuminate\\Database\\Migrations\\Migrator->Illuminate\\Database\\Migrations\\{closure}()
#12 /var/www/www-root/data/www/inv.metu.kz/vendor/laravel/framework/src/Illuminate/Database/Migrations/Migrator.php(216): Illuminate\\Database\\Migrations\\Migrator->runMigration(Object(Illuminate\\Database\\Migrations\\Migration@anonymous), 'up')
#13 /var/www/www-root/data/www/inv.metu.kz/vendor/laravel/framework/src/Illuminate/Console/View/Components/Task.php(37): Illuminate\\Database\\Migrations\\Migrator->Illuminate\\Database\\Migrations\\{closure}()
#14 /var/www/www-root/data/www/inv.metu.kz/vendor/laravel/framework/src/Illuminate/Database/Migrations/Migrator.php(756): Illuminate\\Console\\View\\Components\\Task->render('2024_04_12_1641...', Object(Closure))
#15 /var/www/www-root/data/www/inv.metu.kz/vendor/laravel/framework/src/Illuminate/Database/Migrations/Migrator.php(216): Illuminate\\Database\\Migrations\\Migrator->write('Illuminate\\\\Cons...', '2024_04_12_1641...', Object(Closure))
#16 /var/www/www-root/data/www/inv.metu.kz/vendor/laravel/framework/src/Illuminate/Database/Migrations/Migrator.php(181): Illuminate\\Database\\Migrations\\Migrator->runUp('/var/www/www-ro...', 1, false)
#17 /var/www/www-root/data/www/inv.metu.kz/vendor/laravel/framework/src/Illuminate/Database/Migrations/Migrator.php(124): Illuminate\\Database\\Migrations\\Migrator->runPending(Array, Array)
#18 /var/www/www-root/data/www/inv.metu.kz/vendor/laravel/framework/src/Illuminate/Database/Console/Migrations/MigrateCommand.php(90): Illuminate\\Database\\Migrations\\Migrator->run(Array, Array)
#19 /var/www/www-root/data/www/inv.metu.kz/vendor/laravel/framework/src/Illuminate/Database/Migrations/Migrator.php(633): Illuminate\\Database\\Console\\Migrations\\MigrateCommand->Illuminate\\Database\\Console\\Migrations\\{closure}()
#20 /var/www/www-root/data/www/inv.metu.kz/vendor/laravel/framework/src/Illuminate/Database/Console/Migrations/MigrateCommand.php(83): Illuminate\\Database\\Migrations\\Migrator->usingConnection(NULL, Object(Closure))
#21 /var/www/www-root/data/www/inv.metu.kz/vendor/laravel/framework/src/Illuminate/Container/BoundMethod.php(36): Illuminate\\Database\\Console\\Migrations\\MigrateCommand->handle()
#22 /var/www/www-root/data/www/inv.metu.kz/vendor/laravel/framework/src/Illuminate/Container/Util.php(41): Illuminate\\Container\\BoundMethod::Illuminate\\Container\\{closure}()
#23 /var/www/www-root/data/www/inv.metu.kz/vendor/laravel/framework/src/Illuminate/Container/BoundMethod.php(93): Illuminate\\Container\\Util::unwrapIfClosure(Object(Closure))
#24 /var/www/www-root/data/www/inv.metu.kz/vendor/laravel/framework/src/Illuminate/Container/BoundMethod.php(35): Illuminate\\Container\\BoundMethod::callBoundMethod(Object(Illuminate\\Foundation\\Application), Array, Object(Closure))
#25 /var/www/www-root/data/www/inv.metu.kz/vendor/laravel/framework/src/Illuminate/Container/Container.php(662): Illuminate\\Container\\BoundMethod::call(Object(Illuminate\\Foundation\\Application), Array, Array, NULL)
#26 /var/www/www-root/data/www/inv.metu.kz/vendor/laravel/framework/src/Illuminate/Console/Command.php(211): Illuminate\\Container\\Container->call(Array)
#27 /var/www/www-root/data/www/inv.metu.kz/vendor/symfony/console/Command/Command.php(326): Illuminate\\Console\\Command->execute(Object(Symfony\\Component\\Console\\Input\\ArgvInput), Object(Illuminate\\Console\\OutputStyle))
#28 /var/www/www-root/data/www/inv.metu.kz/vendor/laravel/framework/src/Illuminate/Console/Command.php(180): Symfony\\Component\\Console\\Command\\Command->run(Object(Symfony\\Component\\Console\\Input\\ArgvInput), Object(Illuminate\\Console\\OutputStyle))
#29 /var/www/www-root/data/www/inv.metu.kz/vendor/symfony/console/Application.php(1096): Illuminate\\Console\\Command->run(Object(Symfony\\Component\\Console\\Input\\ArgvInput), Object(Symfony\\Component\\Console\\Output\\ConsoleOutput))
#30 /var/www/www-root/data/www/inv.metu.kz/vendor/symfony/console/Application.php(324): Symfony\\Component\\Console\\Application->doRunCommand(Object(Illuminate\\Database\\Console\\Migrations\\MigrateCommand), Object(Symfony\\Component\\Console\\Input\\ArgvInput), Object(Symfony\\Component\\Console\\Output\\ConsoleOutput))
#31 /var/www/www-root/data/www/inv.metu.kz/vendor/symfony/console/Application.php(175): Symfony\\Component\\Console\\Application->doRun(Object(Symfony\\Component\\Console\\Input\\ArgvInput), Object(Symfony\\Component\\Console\\Output\\ConsoleOutput))
#32 /var/www/www-root/data/www/inv.metu.kz/vendor/laravel/framework/src/Illuminate/Foundation/Console/Kernel.php(201): Symfony\\Component\\Console\\Application->run(Object(Symfony\\Component\\Console\\Input\\ArgvInput), Object(Symfony\\Component\\Console\\Output\\ConsoleOutput))
#33 /var/www/www-root/data/www/inv.metu.kz/artisan(35): Illuminate\\Foundation\\Console\\Kernel->handle(Object(Symfony\\Component\\Console\\Input\\ArgvInput), Object(Symfony\\Component\\Console\\Output\\ConsoleOutput))
#34 {main}
"} 
[2025-03-03 11:15:11] local.ERROR: Command "cache:lear" is not defined.

Did you mean one of these?
    auth:clear-resets
    cache:clear
    cache:forget
    cache:prune-stale-tags
    cache:table
    config:clear
    event:clear
    optimize:clear
    queue:clear
    route:clear
    schedule:clear-cache
    tokens:clear
    view:clear {"exception":"[object] (Symfony\\Component\\Console\\Exception\\CommandNotFoundException(code: 0): Command \"cache:lear\" is not defined.

Did you mean one of these?
    auth:clear-resets
    cache:clear
    cache:forget
    cache:prune-stale-tags
    cache:table
    config:clear
    event:clear
    optimize:clear
    queue:clear
    route:clear
    schedule:clear-cache
    tokens:clear
    view:clear at /var/www/www-root/data/www/inv.metu.kz/vendor/symfony/console/Application.php:737)
[stacktrace]
#0 /var/www/www-root/data/www/inv.metu.kz/vendor/symfony/console/Application.php(266): Symfony\\Component\\Console\\Application->find('cache:lear')
#1 /var/www/www-root/data/www/inv.metu.kz/vendor/symfony/console/Application.php(175): Symfony\\Component\\Console\\Application->doRun(Object(Symfony\\Component\\Console\\Input\\ArgvInput), Object(Symfony\\Component\\Console\\Output\\ConsoleOutput))
#2 /var/www/www-root/data/www/inv.metu.kz/vendor/laravel/framework/src/Illuminate/Foundation/Console/Kernel.php(201): Symfony\\Component\\Console\\Application->run(Object(Symfony\\Component\\Console\\Input\\ArgvInput), Object(Symfony\\Component\\Console\\Output\\ConsoleOutput))
#3 /var/www/www-root/data/www/inv.metu.kz/artisan(35): Illuminate\\Foundation\\Console\\Kernel->handle(Object(Symfony\\Component\\Console\\Input\\ArgvInput), Object(Symfony\\Component\\Console\\Output\\ConsoleOutput))
#4 {main}
"} 
[2025-07-08 10:45:20] local.ERROR: SQLSTATE[42S01]: Base table or view already exists: 1050 Table 'token' already exists (Connection: mysql, SQL: create table `token` (`id` bigint unsigned not null auto_increment primary key, `TutorID` int not null, `token` varchar(255) not null, `created_at` timestamp null, `updated_at` timestamp null) default character set utf8mb4 collate 'utf8mb4_unicode_ci') {"exception":"[object] (Illuminate\\Database\\QueryException(code: 42S01): SQLSTATE[42S01]: Base table or view already exists: 1050 Table 'token' already exists (Connection: mysql, SQL: create table `token` (`id` bigint unsigned not null auto_increment primary key, `TutorID` int not null, `token` varchar(255) not null, `created_at` timestamp null, `updated_at` timestamp null) default character set utf8mb4 collate 'utf8mb4_unicode_ci') at /var/www/www-root/data/www/inv.metu.kz/vendor/laravel/framework/src/Illuminate/Database/Connection.php:829)
[stacktrace]
#0 /var/www/www-root/data/www/inv.metu.kz/vendor/laravel/framework/src/Illuminate/Database/Connection.php(783): Illuminate\\Database\\Connection->runQueryCallback('create table `t...', Array, Object(Closure))
#1 /var/www/www-root/data/www/inv.metu.kz/vendor/laravel/framework/src/Illuminate/Database/Connection.php(576): Illuminate\\Database\\Connection->run('create table `t...', Array, Object(Closure))
#2 /var/www/www-root/data/www/inv.metu.kz/vendor/laravel/framework/src/Illuminate/Database/Schema/Blueprint.php(110): Illuminate\\Database\\Connection->statement('create table `t...')
#3 /var/www/www-root/data/www/inv.metu.kz/vendor/laravel/framework/src/Illuminate/Database/Schema/Builder.php(602): Illuminate\\Database\\Schema\\Blueprint->build(Object(Illuminate\\Database\\MySqlConnection), Object(Illuminate\\Database\\Schema\\Grammars\\MySqlGrammar))
#4 /var/www/www-root/data/www/inv.metu.kz/vendor/laravel/framework/src/Illuminate/Database/Schema/Builder.php(456): Illuminate\\Database\\Schema\\Builder->build(Object(Illuminate\\Database\\Schema\\Blueprint))
#5 /var/www/www-root/data/www/inv.metu.kz/vendor/laravel/framework/src/Illuminate/Support/Facades/Facade.php(355): Illuminate\\Database\\Schema\\Builder->create('token', Object(Closure))
#6 /var/www/www-root/data/www/inv.metu.kz/database/migrations/2024_04_12_164125_create_token_table.php(14): Illuminate\\Support\\Facades\\Facade::__callStatic('create', Array)
#7 /var/www/www-root/data/www/inv.metu.kz/vendor/laravel/framework/src/Illuminate/Database/Migrations/Migrator.php(493): Illuminate\\Database\\Migrations\\Migration@anonymous->up()
#8 /var/www/www-root/data/www/inv.metu.kz/vendor/laravel/framework/src/Illuminate/Database/Migrations/Migrator.php(410): Illuminate\\Database\\Migrations\\Migrator->runMethod(Object(Illuminate\\Database\\MySqlConnection), Object(Illuminate\\Database\\Migrations\\Migration@anonymous), 'up')
#9 /var/www/www-root/data/www/inv.metu.kz/vendor/laravel/framework/src/Illuminate/Database/Migrations/Migrator.php(419): Illuminate\\Database\\Migrations\\Migrator->Illuminate\\Database\\Migrations\\{closure}()
#10 /var/www/www-root/data/www/inv.metu.kz/vendor/laravel/framework/src/Illuminate/Database/Migrations/Migrator.php(216): Illuminate\\Database\\Migrations\\Migrator->runMigration(Object(Illuminate\\Database\\Migrations\\Migration@anonymous), 'up')
#11 /var/www/www-root/data/www/inv.metu.kz/vendor/laravel/framework/src/Illuminate/Console/View/Components/Task.php(37): Illuminate\\Database\\Migrations\\Migrator->Illuminate\\Database\\Migrations\\{closure}()
#12 /var/www/www-root/data/www/inv.metu.kz/vendor/laravel/framework/src/Illuminate/Database/Migrations/Migrator.php(756): Illuminate\\Console\\View\\Components\\Task->render('2024_04_12_1641...', Object(Closure))
#13 /var/www/www-root/data/www/inv.metu.kz/vendor/laravel/framework/src/Illuminate/Database/Migrations/Migrator.php(216): Illuminate\\Database\\Migrations\\Migrator->write('Illuminate\\\\Cons...', '2024_04_12_1641...', Object(Closure))
#14 /var/www/www-root/data/www/inv.metu.kz/vendor/laravel/framework/src/Illuminate/Database/Migrations/Migrator.php(181): Illuminate\\Database\\Migrations\\Migrator->runUp('/var/www/www-ro...', 2, false)
#15 /var/www/www-root/data/www/inv.metu.kz/vendor/laravel/framework/src/Illuminate/Database/Migrations/Migrator.php(124): Illuminate\\Database\\Migrations\\Migrator->runPending(Array, Array)
#16 /var/www/www-root/data/www/inv.metu.kz/vendor/laravel/framework/src/Illuminate/Database/Console/Migrations/MigrateCommand.php(90): Illuminate\\Database\\Migrations\\Migrator->run(Array, Array)
#17 /var/www/www-root/data/www/inv.metu.kz/vendor/laravel/framework/src/Illuminate/Database/Migrations/Migrator.php(633): Illuminate\\Database\\Console\\Migrations\\MigrateCommand->Illuminate\\Database\\Console\\Migrations\\{closure}()
#18 /var/www/www-root/data/www/inv.metu.kz/vendor/laravel/framework/src/Illuminate/Database/Console/Migrations/MigrateCommand.php(83): Illuminate\\Database\\Migrations\\Migrator->usingConnection(NULL, Object(Closure))
#19 /var/www/www-root/data/www/inv.metu.kz/vendor/laravel/framework/src/Illuminate/Container/BoundMethod.php(36): Illuminate\\Database\\Console\\Migrations\\MigrateCommand->handle()
#20 /var/www/www-root/data/www/inv.metu.kz/vendor/laravel/framework/src/Illuminate/Container/Util.php(41): Illuminate\\Container\\BoundMethod::Illuminate\\Container\\{closure}()
#21 /var/www/www-root/data/www/inv.metu.kz/vendor/laravel/framework/src/Illuminate/Container/BoundMethod.php(93): Illuminate\\Container\\Util::unwrapIfClosure(Object(Closure))
#22 /var/www/www-root/data/www/inv.metu.kz/vendor/laravel/framework/src/Illuminate/Container/BoundMethod.php(35): Illuminate\\Container\\BoundMethod::callBoundMethod(Object(Illuminate\\Foundation\\Application), Array, Object(Closure))
#23 /var/www/www-root/data/www/inv.metu.kz/vendor/laravel/framework/src/Illuminate/Container/Container.php(662): Illuminate\\Container\\BoundMethod::call(Object(Illuminate\\Foundation\\Application), Array, Array, NULL)
#24 /var/www/www-root/data/www/inv.metu.kz/vendor/laravel/framework/src/Illuminate/Console/Command.php(211): Illuminate\\Container\\Container->call(Array)
#25 /var/www/www-root/data/www/inv.metu.kz/vendor/symfony/console/Command/Command.php(326): Illuminate\\Console\\Command->execute(Object(Symfony\\Component\\Console\\Input\\ArgvInput), Object(Illuminate\\Console\\OutputStyle))
#26 /var/www/www-root/data/www/inv.metu.kz/vendor/laravel/framework/src/Illuminate/Console/Command.php(180): Symfony\\Component\\Console\\Command\\Command->run(Object(Symfony\\Component\\Console\\Input\\ArgvInput), Object(Illuminate\\Console\\OutputStyle))
#27 /var/www/www-root/data/www/inv.metu.kz/vendor/symfony/console/Application.php(1096): Illuminate\\Console\\Command->run(Object(Symfony\\Component\\Console\\Input\\ArgvInput), Object(Symfony\\Component\\Console\\Output\\ConsoleOutput))
#28 /var/www/www-root/data/www/inv.metu.kz/vendor/symfony/console/Application.php(324): Symfony\\Component\\Console\\Application->doRunCommand(Object(Illuminate\\Database\\Console\\Migrations\\MigrateCommand), Object(Symfony\\Component\\Console\\Input\\ArgvInput), Object(Symfony\\Component\\Console\\Output\\ConsoleOutput))
#29 /var/www/www-root/data/www/inv.metu.kz/vendor/symfony/console/Application.php(175): Symfony\\Component\\Console\\Application->doRun(Object(Symfony\\Component\\Console\\Input\\ArgvInput), Object(Symfony\\Component\\Console\\Output\\ConsoleOutput))
#30 /var/www/www-root/data/www/inv.metu.kz/vendor/laravel/framework/src/Illuminate/Foundation/Console/Kernel.php(201): Symfony\\Component\\Console\\Application->run(Object(Symfony\\Component\\Console\\Input\\ArgvInput), Object(Symfony\\Component\\Console\\Output\\ConsoleOutput))
#31 /var/www/www-root/data/www/inv.metu.kz/artisan(35): Illuminate\\Foundation\\Console\\Kernel->handle(Object(Symfony\\Component\\Console\\Input\\ArgvInput), Object(Symfony\\Component\\Console\\Output\\ConsoleOutput))
#32 {main}

[previous exception] [object] (PDOException(code: 42S01): SQLSTATE[42S01]: Base table or view already exists: 1050 Table 'token' already exists at /var/www/www-root/data/www/inv.metu.kz/vendor/laravel/framework/src/Illuminate/Database/Connection.php:587)
[stacktrace]
#0 /var/www/www-root/data/www/inv.metu.kz/vendor/laravel/framework/src/Illuminate/Database/Connection.php(587): PDOStatement->execute()
#1 /var/www/www-root/data/www/inv.metu.kz/vendor/laravel/framework/src/Illuminate/Database/Connection.php(816): Illuminate\\Database\\Connection->Illuminate\\Database\\{closure}('create table `t...', Array)
#2 /var/www/www-root/data/www/inv.metu.kz/vendor/laravel/framework/src/Illuminate/Database/Connection.php(783): Illuminate\\Database\\Connection->runQueryCallback('create table `t...', Array, Object(Closure))
#3 /var/www/www-root/data/www/inv.metu.kz/vendor/laravel/framework/src/Illuminate/Database/Connection.php(576): Illuminate\\Database\\Connection->run('create table `t...', Array, Object(Closure))
#4 /var/www/www-root/data/www/inv.metu.kz/vendor/laravel/framework/src/Illuminate/Database/Schema/Blueprint.php(110): Illuminate\\Database\\Connection->statement('create table `t...')
#5 /var/www/www-root/data/www/inv.metu.kz/vendor/laravel/framework/src/Illuminate/Database/Schema/Builder.php(602): Illuminate\\Database\\Schema\\Blueprint->build(Object(Illuminate\\Database\\MySqlConnection), Object(Illuminate\\Database\\Schema\\Grammars\\MySqlGrammar))
#6 /var/www/www-root/data/www/inv.metu.kz/vendor/laravel/framework/src/Illuminate/Database/Schema/Builder.php(456): Illuminate\\Database\\Schema\\Builder->build(Object(Illuminate\\Database\\Schema\\Blueprint))
#7 /var/www/www-root/data/www/inv.metu.kz/vendor/laravel/framework/src/Illuminate/Support/Facades/Facade.php(355): Illuminate\\Database\\Schema\\Builder->create('token', Object(Closure))
#8 /var/www/www-root/data/www/inv.metu.kz/database/migrations/2024_04_12_164125_create_token_table.php(14): Illuminate\\Support\\Facades\\Facade::__callStatic('create', Array)
#9 /var/www/www-root/data/www/inv.metu.kz/vendor/laravel/framework/src/Illuminate/Database/Migrations/Migrator.php(493): Illuminate\\Database\\Migrations\\Migration@anonymous->up()
#10 /var/www/www-root/data/www/inv.metu.kz/vendor/laravel/framework/src/Illuminate/Database/Migrations/Migrator.php(410): Illuminate\\Database\\Migrations\\Migrator->runMethod(Object(Illuminate\\Database\\MySqlConnection), Object(Illuminate\\Database\\Migrations\\Migration@anonymous), 'up')
#11 /var/www/www-root/data/www/inv.metu.kz/vendor/laravel/framework/src/Illuminate/Database/Migrations/Migrator.php(419): Illuminate\\Database\\Migrations\\Migrator->Illuminate\\Database\\Migrations\\{closure}()
#12 /var/www/www-root/data/www/inv.metu.kz/vendor/laravel/framework/src/Illuminate/Database/Migrations/Migrator.php(216): Illuminate\\Database\\Migrations\\Migrator->runMigration(Object(Illuminate\\Database\\Migrations\\Migration@anonymous), 'up')
#13 /var/www/www-root/data/www/inv.metu.kz/vendor/laravel/framework/src/Illuminate/Console/View/Components/Task.php(37): Illuminate\\Database\\Migrations\\Migrator->Illuminate\\Database\\Migrations\\{closure}()
#14 /var/www/www-root/data/www/inv.metu.kz/vendor/laravel/framework/src/Illuminate/Database/Migrations/Migrator.php(756): Illuminate\\Console\\View\\Components\\Task->render('2024_04_12_1641...', Object(Closure))
#15 /var/www/www-root/data/www/inv.metu.kz/vendor/laravel/framework/src/Illuminate/Database/Migrations/Migrator.php(216): Illuminate\\Database\\Migrations\\Migrator->write('Illuminate\\\\Cons...', '2024_04_12_1641...', Object(Closure))
#16 /var/www/www-root/data/www/inv.metu.kz/vendor/laravel/framework/src/Illuminate/Database/Migrations/Migrator.php(181): Illuminate\\Database\\Migrations\\Migrator->runUp('/var/www/www-ro...', 2, false)
#17 /var/www/www-root/data/www/inv.metu.kz/vendor/laravel/framework/src/Illuminate/Database/Migrations/Migrator.php(124): Illuminate\\Database\\Migrations\\Migrator->runPending(Array, Array)
#18 /var/www/www-root/data/www/inv.metu.kz/vendor/laravel/framework/src/Illuminate/Database/Console/Migrations/MigrateCommand.php(90): Illuminate\\Database\\Migrations\\Migrator->run(Array, Array)
#19 /var/www/www-root/data/www/inv.metu.kz/vendor/laravel/framework/src/Illuminate/Database/Migrations/Migrator.php(633): Illuminate\\Database\\Console\\Migrations\\MigrateCommand->Illuminate\\Database\\Console\\Migrations\\{closure}()
#20 /var/www/www-root/data/www/inv.metu.kz/vendor/laravel/framework/src/Illuminate/Database/Console/Migrations/MigrateCommand.php(83): Illuminate\\Database\\Migrations\\Migrator->usingConnection(NULL, Object(Closure))
#21 /var/www/www-root/data/www/inv.metu.kz/vendor/laravel/framework/src/Illuminate/Container/BoundMethod.php(36): Illuminate\\Database\\Console\\Migrations\\MigrateCommand->handle()
#22 /var/www/www-root/data/www/inv.metu.kz/vendor/laravel/framework/src/Illuminate/Container/Util.php(41): Illuminate\\Container\\BoundMethod::Illuminate\\Container\\{closure}()
#23 /var/www/www-root/data/www/inv.metu.kz/vendor/laravel/framework/src/Illuminate/Container/BoundMethod.php(93): Illuminate\\Container\\Util::unwrapIfClosure(Object(Closure))
#24 /var/www/www-root/data/www/inv.metu.kz/vendor/laravel/framework/src/Illuminate/Container/BoundMethod.php(35): Illuminate\\Container\\BoundMethod::callBoundMethod(Object(Illuminate\\Foundation\\Application), Array, Object(Closure))
#25 /var/www/www-root/data/www/inv.metu.kz/vendor/laravel/framework/src/Illuminate/Container/Container.php(662): Illuminate\\Container\\BoundMethod::call(Object(Illuminate\\Foundation\\Application), Array, Array, NULL)
#26 /var/www/www-root/data/www/inv.metu.kz/vendor/laravel/framework/src/Illuminate/Console/Command.php(211): Illuminate\\Container\\Container->call(Array)
#27 /var/www/www-root/data/www/inv.metu.kz/vendor/symfony/console/Command/Command.php(326): Illuminate\\Console\\Command->execute(Object(Symfony\\Component\\Console\\Input\\ArgvInput), Object(Illuminate\\Console\\OutputStyle))
#28 /var/www/www-root/data/www/inv.metu.kz/vendor/laravel/framework/src/Illuminate/Console/Command.php(180): Symfony\\Component\\Console\\Command\\Command->run(Object(Symfony\\Component\\Console\\Input\\ArgvInput), Object(Illuminate\\Console\\OutputStyle))
#29 /var/www/www-root/data/www/inv.metu.kz/vendor/symfony/console/Application.php(1096): Illuminate\\Console\\Command->run(Object(Symfony\\Component\\Console\\Input\\ArgvInput), Object(Symfony\\Component\\Console\\Output\\ConsoleOutput))
#30 /var/www/www-root/data/www/inv.metu.kz/vendor/symfony/console/Application.php(324): Symfony\\Component\\Console\\Application->doRunCommand(Object(Illuminate\\Database\\Console\\Migrations\\MigrateCommand), Object(Symfony\\Component\\Console\\Input\\ArgvInput), Object(Symfony\\Component\\Console\\Output\\ConsoleOutput))
#31 /var/www/www-root/data/www/inv.metu.kz/vendor/symfony/console/Application.php(175): Symfony\\Component\\Console\\Application->doRun(Object(Symfony\\Component\\Console\\Input\\ArgvInput), Object(Symfony\\Component\\Console\\Output\\ConsoleOutput))
#32 /var/www/www-root/data/www/inv.metu.kz/vendor/laravel/framework/src/Illuminate/Foundation/Console/Kernel.php(201): Symfony\\Component\\Console\\Application->run(Object(Symfony\\Component\\Console\\Input\\ArgvInput), Object(Symfony\\Component\\Console\\Output\\ConsoleOutput))
#33 /var/www/www-root/data/www/inv.metu.kz/artisan(35): Illuminate\\Foundation\\Console\\Kernel->handle(Object(Symfony\\Component\\Console\\Input\\ArgvInput), Object(Symfony\\Component\\Console\\Output\\ConsoleOutput))
#34 {main}
"} 
[2025-07-15 10:53:08] local.ERROR: There are no commands defined in the "cahce" namespace. {"exception":"[object] (Symfony\\Component\\Console\\Exception\\NamespaceNotFoundException(code: 0): There are no commands defined in the \"cahce\" namespace. at /var/www/www-root/data/www/inv.metu.kz/vendor/symfony/console/Application.php:669)
[stacktrace]
#0 /var/www/www-root/data/www/inv.metu.kz/vendor/symfony/console/Application.php(720): Symfony\\Component\\Console\\Application->findNamespace('cahce')
#1 /var/www/www-root/data/www/inv.metu.kz/vendor/symfony/console/Application.php(266): Symfony\\Component\\Console\\Application->find('cahce:clear')
#2 /var/www/www-root/data/www/inv.metu.kz/vendor/symfony/console/Application.php(175): Symfony\\Component\\Console\\Application->doRun(Object(Symfony\\Component\\Console\\Input\\ArgvInput), Object(Symfony\\Component\\Console\\Output\\ConsoleOutput))
#3 /var/www/www-root/data/www/inv.metu.kz/vendor/laravel/framework/src/Illuminate/Foundation/Console/Kernel.php(201): Symfony\\Component\\Console\\Application->run(Object(Symfony\\Component\\Console\\Input\\ArgvInput), Object(Symfony\\Component\\Console\\Output\\ConsoleOutput))
#4 /var/www/www-root/data/www/inv.metu.kz/artisan(35): Illuminate\\Foundation\\Console\\Kernel->handle(Object(Symfony\\Component\\Console\\Input\\ArgvInput), Object(Symfony\\Component\\Console\\Output\\ConsoleOutput))
#5 {main}
"} 
[2026-01-22 15:41:43] local.ERROR: SQLSTATE[42S01]: Base table or view already exists: 1050 Table 'token' already exists (Connection: mysql, SQL: create table `token` (`id` bigint unsigned not null auto_increment primary key, `TutorID` int not null, `token` varchar(255) not null, `created_at` timestamp null, `updated_at` timestamp null) default character set utf8mb4 collate 'utf8mb4_unicode_ci') {"exception":"[object] (Illuminate\\Database\\QueryException(code: 42S01): SQLSTATE[42S01]: Base table or view already exists: 1050 Table 'token' already exists (Connection: mysql, SQL: create table `token` (`id` bigint unsigned not null auto_increment primary key, `TutorID` int not null, `token` varchar(255) not null, `created_at` timestamp null, `updated_at` timestamp null) default character set utf8mb4 collate 'utf8mb4_unicode_ci') at /var/www/www-root/data/www/inv.metu.kz/vendor/laravel/framework/src/Illuminate/Database/Connection.php:829)
[stacktrace]
#0 /var/www/www-root/data/www/inv.metu.kz/vendor/laravel/framework/src/Illuminate/Database/Connection.php(783): Illuminate\\Database\\Connection->runQueryCallback('create table `t...', Array, Object(Closure))
#1 /var/www/www-root/data/www/inv.metu.kz/vendor/laravel/framework/src/Illuminate/Database/Connection.php(576): Illuminate\\Database\\Connection->run('create table `t...', Array, Object(Closure))
#2 /var/www/www-root/data/www/inv.metu.kz/vendor/laravel/framework/src/Illuminate/Database/Schema/Blueprint.php(110): Illuminate\\Database\\Connection->statement('create table `t...')
#3 /var/www/www-root/data/www/inv.metu.kz/vendor/laravel/framework/src/Illuminate/Database/Schema/Builder.php(602): Illuminate\\Database\\Schema\\Blueprint->build(Object(Illuminate\\Database\\MySqlConnection), Object(Illuminate\\Database\\Schema\\Grammars\\MySqlGrammar))
#4 /var/www/www-root/data/www/inv.metu.kz/vendor/laravel/framework/src/Illuminate/Database/Schema/Builder.php(456): Illuminate\\Database\\Schema\\Builder->build(Object(Illuminate\\Database\\Schema\\Blueprint))
#5 /var/www/www-root/data/www/inv.metu.kz/vendor/laravel/framework/src/Illuminate/Support/Facades/Facade.php(355): Illuminate\\Database\\Schema\\Builder->create('token', Object(Closure))
#6 /var/www/www-root/data/www/inv.metu.kz/database/migrations/2024_04_12_164125_create_token_table.php(14): Illuminate\\Support\\Facades\\Facade::__callStatic('create', Array)
#7 /var/www/www-root/data/www/inv.metu.kz/vendor/laravel/framework/src/Illuminate/Database/Migrations/Migrator.php(493): Illuminate\\Database\\Migrations\\Migration@anonymous->up()
#8 /var/www/www-root/data/www/inv.metu.kz/vendor/laravel/framework/src/Illuminate/Database/Migrations/Migrator.php(410): Illuminate\\Database\\Migrations\\Migrator->runMethod(Object(Illuminate\\Database\\MySqlConnection), Object(Illuminate\\Database\\Migrations\\Migration@anonymous), 'up')
#9 /var/www/www-root/data/www/inv.metu.kz/vendor/laravel/framework/src/Illuminate/Database/Migrations/Migrator.php(419): Illuminate\\Database\\Migrations\\Migrator->Illuminate\\Database\\Migrations\\{closure}()
#10 /var/www/www-root/data/www/inv.metu.kz/vendor/laravel/framework/src/Illuminate/Database/Migrations/Migrator.php(216): Illuminate\\Database\\Migrations\\Migrator->runMigration(Object(Illuminate\\Database\\Migrations\\Migration@anonymous), 'up')
#11 /var/www/www-root/data/www/inv.metu.kz/vendor/laravel/framework/src/Illuminate/Console/View/Components/Task.php(37): Illuminate\\Database\\Migrations\\Migrator->Illuminate\\Database\\Migrations\\{closure}()
#12 /var/www/www-root/data/www/inv.metu.kz/vendor/laravel/framework/src/Illuminate/Database/Migrations/Migrator.php(756): Illuminate\\Console\\View\\Components\\Task->render('2024_04_12_1641...', Object(Closure))
#13 /var/www/www-root/data/www/inv.metu.kz/vendor/laravel/framework/src/Illuminate/Database/Migrations/Migrator.php(216): Illuminate\\Database\\Migrations\\Migrator->write('Illuminate\\\\Cons...', '2024_04_12_1641...', Object(Closure))
#14 /var/www/www-root/data/www/inv.metu.kz/vendor/laravel/framework/src/Illuminate/Database/Migrations/Migrator.php(181): Illuminate\\Database\\Migrations\\Migrator->runUp('/var/www/www-ro...', 2, false)
#15 /var/www/www-root/data/www/inv.metu.kz/vendor/laravel/framework/src/Illuminate/Database/Migrations/Migrator.php(124): Illuminate\\Database\\Migrations\\Migrator->runPending(Array, Array)
#16 /var/www/www-root/data/www/inv.metu.kz/vendor/laravel/framework/src/Illuminate/Database/Console/Migrations/MigrateCommand.php(90): Illuminate\\Database\\Migrations\\Migrator->run(Array, Array)
#17 /var/www/www-root/data/www/inv.metu.kz/vendor/laravel/framework/src/Illuminate/Database/Migrations/Migrator.php(633): Illuminate\\Database\\Console\\Migrations\\MigrateCommand->Illuminate\\Database\\Console\\Migrations\\{closure}()
#18 /var/www/www-root/data/www/inv.metu.kz/vendor/laravel/framework/src/Illuminate/Database/Console/Migrations/MigrateCommand.php(83): Illuminate\\Database\\Migrations\\Migrator->usingConnection(NULL, Object(Closure))
#19 /var/www/www-root/data/www/inv.metu.kz/vendor/laravel/framework/src/Illuminate/Container/BoundMethod.php(36): Illuminate\\Database\\Console\\Migrations\\MigrateCommand->handle()
#20 /var/www/www-root/data/www/inv.metu.kz/vendor/laravel/framework/src/Illuminate/Container/Util.php(41): Illuminate\\Container\\BoundMethod::Illuminate\\Container\\{closure}()
#21 /var/www/www-root/data/www/inv.metu.kz/vendor/laravel/framework/src/Illuminate/Container/BoundMethod.php(93): Illuminate\\Container\\Util::unwrapIfClosure(Object(Closure))
#22 /var/www/www-root/data/www/inv.metu.kz/vendor/laravel/framework/src/Illuminate/Container/BoundMethod.php(35): Illuminate\\Container\\BoundMethod::callBoundMethod(Object(Illuminate\\Foundation\\Application), Array, Object(Closure))
#23 /var/www/www-root/data/www/inv.metu.kz/vendor/laravel/framework/src/Illuminate/Container/Container.php(662): Illuminate\\Container\\BoundMethod::call(Object(Illuminate\\Foundation\\Application), Array, Array, NULL)
#24 /var/www/www-root/data/www/inv.metu.kz/vendor/laravel/framework/src/Illuminate/Console/Command.php(211): Illuminate\\Container\\Container->call(Array)
#25 /var/www/www-root/data/www/inv.metu.kz/vendor/symfony/console/Command/Command.php(326): Illuminate\\Console\\Command->execute(Object(Symfony\\Component\\Console\\Input\\ArgvInput), Object(Illuminate\\Console\\OutputStyle))
#26 /var/www/www-root/data/www/inv.metu.kz/vendor/laravel/framework/src/Illuminate/Console/Command.php(180): Symfony\\Component\\Console\\Command\\Command->run(Object(Symfony\\Component\\Console\\Input\\ArgvInput), Object(Illuminate\\Console\\OutputStyle))
#27 /var/www/www-root/data/www/inv.metu.kz/vendor/symfony/console/Application.php(1096): Illuminate\\Console\\Command->run(Object(Symfony\\Component\\Console\\Input\\ArgvInput), Object(Symfony\\Component\\Console\\Output\\ConsoleOutput))
#28 /var/www/www-root/data/www/inv.metu.kz/vendor/symfony/console/Application.php(324): Symfony\\Component\\Console\\Application->doRunCommand(Object(Illuminate\\Database\\Console\\Migrations\\MigrateCommand), Object(Symfony\\Component\\Console\\Input\\ArgvInput), Object(Symfony\\Component\\Console\\Output\\ConsoleOutput))
#29 /var/www/www-root/data/www/inv.metu.kz/vendor/symfony/console/Application.php(175): Symfony\\Component\\Console\\Application->doRun(Object(Symfony\\Component\\Console\\Input\\ArgvInput), Object(Symfony\\Component\\Console\\Output\\ConsoleOutput))
#30 /var/www/www-root/data/www/inv.metu.kz/vendor/laravel/framework/src/Illuminate/Foundation/Console/Kernel.php(201): Symfony\\Component\\Console\\Application->run(Object(Symfony\\Component\\Console\\Input\\ArgvInput), Object(Symfony\\Component\\Console\\Output\\ConsoleOutput))
#31 /var/www/www-root/data/www/inv.metu.kz/artisan(35): Illuminate\\Foundation\\Console\\Kernel->handle(Object(Symfony\\Component\\Console\\Input\\ArgvInput), Object(Symfony\\Component\\Console\\Output\\ConsoleOutput))
#32 {main}

[previous exception] [object] (PDOException(code: 42S01): SQLSTATE[42S01]: Base table or view already exists: 1050 Table 'token' already exists at /var/www/www-root/data/www/inv.metu.kz/vendor/laravel/framework/src/Illuminate/Database/Connection.php:587)
[stacktrace]
#0 /var/www/www-root/data/www/inv.metu.kz/vendor/laravel/framework/src/Illuminate/Database/Connection.php(587): PDOStatement->execute()
#1 /var/www/www-root/data/www/inv.metu.kz/vendor/laravel/framework/src/Illuminate/Database/Connection.php(816): Illuminate\\Database\\Connection->Illuminate\\Database\\{closure}('create table `t...', Array)
#2 /var/www/www-root/data/www/inv.metu.kz/vendor/laravel/framework/src/Illuminate/Database/Connection.php(783): Illuminate\\Database\\Connection->runQueryCallback('create table `t...', Array, Object(Closure))
#3 /var/www/www-root/data/www/inv.metu.kz/vendor/laravel/framework/src/Illuminate/Database/Connection.php(576): Illuminate\\Database\\Connection->run('create table `t...', Array, Object(Closure))
#4 /var/www/www-root/data/www/inv.metu.kz/vendor/laravel/framework/src/Illuminate/Database/Schema/Blueprint.php(110): Illuminate\\Database\\Connection->statement('create table `t...')
#5 /var/www/www-root/data/www/inv.metu.kz/vendor/laravel/framework/src/Illuminate/Database/Schema/Builder.php(602): Illuminate\\Database\\Schema\\Blueprint->build(Object(Illuminate\\Database\\MySqlConnection), Object(Illuminate\\Database\\Schema\\Grammars\\MySqlGrammar))
#6 /var/www/www-root/data/www/inv.metu.kz/vendor/laravel/framework/src/Illuminate/Database/Schema/Builder.php(456): Illuminate\\Database\\Schema\\Builder->build(Object(Illuminate\\Database\\Schema\\Blueprint))
#7 /var/www/www-root/data/www/inv.metu.kz/vendor/laravel/framework/src/Illuminate/Support/Facades/Facade.php(355): Illuminate\\Database\\Schema\\Builder->create('token', Object(Closure))
#8 /var/www/www-root/data/www/inv.metu.kz/database/migrations/2024_04_12_164125_create_token_table.php(14): Illuminate\\Support\\Facades\\Facade::__callStatic('create', Array)
#9 /var/www/www-root/data/www/inv.metu.kz/vendor/laravel/framework/src/Illuminate/Database/Migrations/Migrator.php(493): Illuminate\\Database\\Migrations\\Migration@anonymous->up()
#10 /var/www/www-root/data/www/inv.metu.kz/vendor/laravel/framework/src/Illuminate/Database/Migrations/Migrator.php(410): Illuminate\\Database\\Migrations\\Migrator->runMethod(Object(Illuminate\\Database\\MySqlConnection), Object(Illuminate\\Database\\Migrations\\Migration@anonymous), 'up')
#11 /var/www/www-root/data/www/inv.metu.kz/vendor/laravel/framework/src/Illuminate/Database/Migrations/Migrator.php(419): Illuminate\\Database\\Migrations\\Migrator->Illuminate\\Database\\Migrations\\{closure}()
#12 /var/www/www-root/data/www/inv.metu.kz/vendor/laravel/framework/src/Illuminate/Database/Migrations/Migrator.php(216): Illuminate\\Database\\Migrations\\Migrator->runMigration(Object(Illuminate\\Database\\Migrations\\Migration@anonymous), 'up')
#13 /var/www/www-root/data/www/inv.metu.kz/vendor/laravel/framework/src/Illuminate/Console/View/Components/Task.php(37): Illuminate\\Database\\Migrations\\Migrator->Illuminate\\Database\\Migrations\\{closure}()
#14 /var/www/www-root/data/www/inv.metu.kz/vendor/laravel/framework/src/Illuminate/Database/Migrations/Migrator.php(756): Illuminate\\Console\\View\\Components\\Task->render('2024_04_12_1641...', Object(Closure))
#15 /var/www/www-root/data/www/inv.metu.kz/vendor/laravel/framework/src/Illuminate/Database/Migrations/Migrator.php(216): Illuminate\\Database\\Migrations\\Migrator->write('Illuminate\\\\Cons...', '2024_04_12_1641...', Object(Closure))
#16 /var/www/www-root/data/www/inv.metu.kz/vendor/laravel/framework/src/Illuminate/Database/Migrations/Migrator.php(181): Illuminate\\Database\\Migrations\\Migrator->runUp('/var/www/www-ro...', 2, false)
#17 /var/www/www-root/data/www/inv.metu.kz/vendor/laravel/framework/src/Illuminate/Database/Migrations/Migrator.php(124): Illuminate\\Database\\Migrations\\Migrator->runPending(Array, Array)
#18 /var/www/www-root/data/www/inv.metu.kz/vendor/laravel/framework/src/Illuminate/Database/Console/Migrations/MigrateCommand.php(90): Illuminate\\Database\\Migrations\\Migrator->run(Array, Array)
#19 /var/www/www-root/data/www/inv.metu.kz/vendor/laravel/framework/src/Illuminate/Database/Migrations/Migrator.php(633): Illuminate\\Database\\Console\\Migrations\\MigrateCommand->Illuminate\\Database\\Console\\Migrations\\{closure}()
#20 /var/www/www-root/data/www/inv.metu.kz/vendor/laravel/framework/src/Illuminate/Database/Console/Migrations/MigrateCommand.php(83): Illuminate\\Database\\Migrations\\Migrator->usingConnection(NULL, Object(Closure))
#21 /var/www/www-root/data/www/inv.metu.kz/vendor/laravel/framework/src/Illuminate/Container/BoundMethod.php(36): Illuminate\\Database\\Console\\Migrations\\MigrateCommand->handle()
#22 /var/www/www-root/data/www/inv.metu.kz/vendor/laravel/framework/src/Illuminate/Container/Util.php(41): Illuminate\\Container\\BoundMethod::Illuminate\\Container\\{closure}()
#23 /var/www/www-root/data/www/inv.metu.kz/vendor/laravel/framework/src/Illuminate/Container/BoundMethod.php(93): Illuminate\\Container\\Util::unwrapIfClosure(Object(Closure))
#24 /var/www/www-root/data/www/inv.metu.kz/vendor/laravel/framework/src/Illuminate/Container/BoundMethod.php(35): Illuminate\\Container\\BoundMethod::callBoundMethod(Object(Illuminate\\Foundation\\Application), Array, Object(Closure))
#25 /var/www/www-root/data/www/inv.metu.kz/vendor/laravel/framework/src/Illuminate/Container/Container.php(662): Illuminate\\Container\\BoundMethod::call(Object(Illuminate\\Foundation\\Application), Array, Array, NULL)
#26 /var/www/www-root/data/www/inv.metu.kz/vendor/laravel/framework/src/Illuminate/Console/Command.php(211): Illuminate\\Container\\Container->call(Array)
#27 /var/www/www-root/data/www/inv.metu.kz/vendor/symfony/console/Command/Command.php(326): Illuminate\\Console\\Command->execute(Object(Symfony\\Component\\Console\\Input\\ArgvInput), Object(Illuminate\\Console\\OutputStyle))
#28 /var/www/www-root/data/www/inv.metu.kz/vendor/laravel/framework/src/Illuminate/Console/Command.php(180): Symfony\\Component\\Console\\Command\\Command->run(Object(Symfony\\Component\\Console\\Input\\ArgvInput), Object(Illuminate\\Console\\OutputStyle))
#29 /var/www/www-root/data/www/inv.metu.kz/vendor/symfony/console/Application.php(1096): Illuminate\\Console\\Command->run(Object(Symfony\\Component\\Console\\Input\\ArgvInput), Object(Symfony\\Component\\Console\\Output\\ConsoleOutput))
#30 /var/www/www-root/data/www/inv.metu.kz/vendor/symfony/console/Application.php(324): Symfony\\Component\\Console\\Application->doRunCommand(Object(Illuminate\\Database\\Console\\Migrations\\MigrateCommand), Object(Symfony\\Component\\Console\\Input\\ArgvInput), Object(Symfony\\Component\\Console\\Output\\ConsoleOutput))
#31 /var/www/www-root/data/www/inv.metu.kz/vendor/symfony/console/Application.php(175): Symfony\\Component\\Console\\Application->doRun(Object(Symfony\\Component\\Console\\Input\\ArgvInput), Object(Symfony\\Component\\Console\\Output\\ConsoleOutput))
#32 /var/www/www-root/data/www/inv.metu.kz/vendor/laravel/framework/src/Illuminate/Foundation/Console/Kernel.php(201): Symfony\\Component\\Console\\Application->run(Object(Symfony\\Component\\Console\\Input\\ArgvInput), Object(Symfony\\Component\\Console\\Output\\ConsoleOutput))
#33 /var/www/www-root/data/www/inv.metu.kz/artisan(35): Illuminate\\Foundation\\Console\\Kernel->handle(Object(Symfony\\Component\\Console\\Input\\ArgvInput), Object(Symfony\\Component\\Console\\Output\\ConsoleOutput))
#34 {main}
"} 
[2026-01-26 11:55:26] local.ERROR: Command "make:service" is not defined.

Did you mean one of these?
    make:cast
    make:channel
    make:command
    make:component
    make:controller
    make:event
    make:exception
    make:export
    make:factory
    make:import
    make:job
    make:listener
    make:mail
    make:middleware
    make:migration
    make:model
    make:notification
    make:observer
    make:policy
    make:provider
    make:request
    make:resource
    make:rule
    make:scope
    make:seeder
    make:test
    make:view {"exception":"[object] (Symfony\\Component\\Console\\Exception\\CommandNotFoundException(code: 0): Command \"make:service\" is not defined.

Did you mean one of these?
    make:cast
    make:channel
    make:command
    make:component
    make:controller
    make:event
    make:exception
    make:export
    make:factory
    make:import
    make:job
    make:listener
    make:mail
    make:middleware
    make:migration
    make:model
    make:notification
    make:observer
    make:policy
    make:provider
    make:request
    make:resource
    make:rule
    make:scope
    make:seeder
    make:test
    make:view at /var/www/www-root/data/www/inv.metu.kz/vendor/symfony/console/Application.php:737)
[stacktrace]
#0 /var/www/www-root/data/www/inv.metu.kz/vendor/symfony/console/Application.php(266): Symfony\\Component\\Console\\Application->find('make:service')
#1 /var/www/www-root/data/www/inv.metu.kz/vendor/symfony/console/Application.php(175): Symfony\\Component\\Console\\Application->doRun(Object(Symfony\\Component\\Console\\Input\\ArgvInput), Object(Symfony\\Component\\Console\\Output\\ConsoleOutput))
#2 /var/www/www-root/data/www/inv.metu.kz/vendor/laravel/framework/src/Illuminate/Foundation/Console/Kernel.php(201): Symfony\\Component\\Console\\Application->run(Object(Symfony\\Component\\Console\\Input\\ArgvInput), Object(Symfony\\Component\\Console\\Output\\ConsoleOutput))
#3 /var/www/www-root/data/www/inv.metu.kz/artisan(35): Illuminate\\Foundation\\Console\\Kernel->handle(Object(Symfony\\Component\\Console\\Input\\ArgvInput), Object(Symfony\\Component\\Console\\Output\\ConsoleOutput))
#4 {main}
"} 
[2026-01-26 11:57:12] local.ERROR: There are no commands defined in the "assets" namespace. {"exception":"[object] (Symfony\\Component\\Console\\Exception\\NamespaceNotFoundException(code: 0): There are no commands defined in the \"assets\" namespace. at /var/www/www-root/data/www/inv.metu.kz/vendor/symfony/console/Application.php:669)
[stacktrace]
#0 /var/www/www-root/data/www/inv.metu.kz/vendor/symfony/console/Application.php(720): Symfony\\Component\\Console\\Application->findNamespace('assets')
#1 /var/www/www-root/data/www/inv.metu.kz/vendor/symfony/console/Application.php(266): Symfony\\Component\\Console\\Application->find('assets:export')
#2 /var/www/www-root/data/www/inv.metu.kz/vendor/symfony/console/Application.php(175): Symfony\\Component\\Console\\Application->doRun(Object(Symfony\\Component\\Console\\Input\\ArgvInput), Object(Symfony\\Component\\Console\\Output\\ConsoleOutput))
#3 /var/www/www-root/data/www/inv.metu.kz/vendor/laravel/framework/src/Illuminate/Foundation/Console/Kernel.php(201): Symfony\\Component\\Console\\Application->run(Object(Symfony\\Component\\Console\\Input\\ArgvInput), Object(Symfony\\Component\\Console\\Output\\ConsoleOutput))
#4 /var/www/www-root/data/www/inv.metu.kz/artisan(35): Illuminate\\Foundation\\Console\\Kernel->handle(Object(Symfony\\Component\\Console\\Input\\ArgvInput), Object(Symfony\\Component\\Console\\Output\\ConsoleOutput))
#5 {main}
"} 
[2026-01-26 11:57:49] local.ERROR: There are no commands defined in the "assets" namespace. {"exception":"[object] (Symfony\\Component\\Console\\Exception\\NamespaceNotFoundException(code: 0): There are no commands defined in the \"assets\" namespace. at /var/www/www-root/data/www/inv.metu.kz/vendor/symfony/console/Application.php:669)
[stacktrace]
#0 /var/www/www-root/data/www/inv.metu.kz/vendor/symfony/console/Application.php(720): Symfony\\Component\\Console\\Application->findNamespace('assets')
#1 /var/www/www-root/data/www/inv.metu.kz/vendor/symfony/console/Application.php(266): Symfony\\Component\\Console\\Application->find('assets:export')
#2 /var/www/www-root/data/www/inv.metu.kz/vendor/symfony/console/Application.php(175): Symfony\\Component\\Console\\Application->doRun(Object(Symfony\\Component\\Console\\Input\\ArgvInput), Object(Symfony\\Component\\Console\\Output\\ConsoleOutput))
#3 /var/www/www-root/data/www/inv.metu.kz/vendor/laravel/framework/src/Illuminate/Foundation/Console/Kernel.php(201): Symfony\\Component\\Console\\Application->run(Object(Symfony\\Component\\Console\\Input\\ArgvInput), Object(Symfony\\Component\\Console\\Output\\ConsoleOutput))
#4 /var/www/www-root/data/www/inv.metu.kz/artisan(35): Illuminate\\Foundation\\Console\\Kernel->handle(Object(Symfony\\Component\\Console\\Input\\ArgvInput), Object(Symfony\\Component\\Console\\Output\\ConsoleOutput))
#5 {main}
"} 
[2026-01-26 11:59:23] local.ERROR: There are no commands defined in the "assets" namespace. {"exception":"[object] (Symfony\\Component\\Console\\Exception\\NamespaceNotFoundException(code: 0): There are no commands defined in the \"assets\" namespace. at /var/www/www-root/data/www/inv.metu.kz/vendor/symfony/console/Application.php:669)
[stacktrace]
#0 /var/www/www-root/data/www/inv.metu.kz/vendor/symfony/console/Application.php(720): Symfony\\Component\\Console\\Application->findNamespace('assets')
#1 /var/www/www-root/data/www/inv.metu.kz/vendor/symfony/console/Application.php(266): Symfony\\Component\\Console\\Application->find('assets:export')
#2 /var/www/www-root/data/www/inv.metu.kz/vendor/symfony/console/Application.php(175): Symfony\\Component\\Console\\Application->doRun(Object(Symfony\\Component\\Console\\Input\\ArgvInput), Object(Symfony\\Component\\Console\\Output\\ConsoleOutput))
#3 /var/www/www-root/data/www/inv.metu.kz/vendor/laravel/framework/src/Illuminate/Foundation/Console/Kernel.php(201): Symfony\\Component\\Console\\Application->run(Object(Symfony\\Component\\Console\\Input\\ArgvInput), Object(Symfony\\Component\\Console\\Output\\ConsoleOutput))
#4 /var/www/www-root/data/www/inv.metu.kz/artisan(35): Illuminate\\Foundation\\Console\\Kernel->handle(Object(Symfony\\Component\\Console\\Input\\ArgvInput), Object(Symfony\\Component\\Console\\Output\\ConsoleOutput))
#5 {main}
"} 
[2026-01-26 11:59:36] local.ERROR: There are no commands defined in the "assets" namespace. {"exception":"[object] (Symfony\\Component\\Console\\Exception\\NamespaceNotFoundException(code: 0): There are no commands defined in the \"assets\" namespace. at /var/www/www-root/data/www/inv.metu.kz/vendor/symfony/console/Application.php:669)
[stacktrace]
#0 /var/www/www-root/data/www/inv.metu.kz/vendor/symfony/console/Application.php(720): Symfony\\Component\\Console\\Application->findNamespace('assets')
#1 /var/www/www-root/data/www/inv.metu.kz/vendor/symfony/console/Application.php(266): Symfony\\Component\\Console\\Application->find('assets:export')
#2 /var/www/www-root/data/www/inv.metu.kz/vendor/symfony/console/Application.php(175): Symfony\\Component\\Console\\Application->doRun(Object(Symfony\\Component\\Console\\Input\\ArgvInput), Object(Symfony\\Component\\Console\\Output\\ConsoleOutput))
#3 /var/www/www-root/data/www/inv.metu.kz/vendor/laravel/framework/src/Illuminate/Foundation/Console/Kernel.php(201): Symfony\\Component\\Console\\Application->run(Object(Symfony\\Component\\Console\\Input\\ArgvInput), Object(Symfony\\Component\\Console\\Output\\ConsoleOutput))
#4 /var/www/www-root/data/www/inv.metu.kz/artisan(35): Illuminate\\Foundation\\Console\\Kernel->handle(Object(Symfony\\Component\\Console\\Input\\ArgvInput), Object(Symfony\\Component\\Console\\Output\\ConsoleOutput))
#5 {main}
"} 
[2026-01-26 12:12:01] local.ERROR: Undefined property: stdClass::$created_at {"exception":"[object] (ErrorException(code: 0): Undefined property: stdClass::$created_at at /var/www/www-root/data/www/inv.metu.kz/app/Console/Commands/ExportAssetsForML.php:34)
[stacktrace]
#0 /var/www/www-root/data/www/inv.metu.kz/vendor/laravel/framework/src/Illuminate/Foundation/Bootstrap/HandleExceptions.php(255): Illuminate\\Foundation\\Bootstrap\\HandleExceptions->handleError(2, 'Undefined prope...', '/var/www/www-ro...', 34)
#1 /var/www/www-root/data/www/inv.metu.kz/app/Console/Commands/ExportAssetsForML.php(34): Illuminate\\Foundation\\Bootstrap\\HandleExceptions->Illuminate\\Foundation\\Bootstrap\\{closure}(2, 'Undefined prope...', '/var/www/www-ro...', 34)
#2 /var/www/www-root/data/www/inv.metu.kz/vendor/laravel/framework/src/Illuminate/Container/BoundMethod.php(36): App\\Console\\Commands\\ExportAssetsForML->handle()
#3 /var/www/www-root/data/www/inv.metu.kz/vendor/laravel/framework/src/Illuminate/Container/Util.php(41): Illuminate\\Container\\BoundMethod::Illuminate\\Container\\{closure}()
#4 /var/www/www-root/data/www/inv.metu.kz/vendor/laravel/framework/src/Illuminate/Container/BoundMethod.php(93): Illuminate\\Container\\Util::unwrapIfClosure(Object(Closure))
#5 /var/www/www-root/data/www/inv.metu.kz/vendor/laravel/framework/src/Illuminate/Container/BoundMethod.php(35): Illuminate\\Container\\BoundMethod::callBoundMethod(Object(Illuminate\\Foundation\\Application), Array, Object(Closure))
#6 /var/www/www-root/data/www/inv.metu.kz/vendor/laravel/framework/src/Illuminate/Container/Container.php(662): Illuminate\\Container\\BoundMethod::call(Object(Illuminate\\Foundation\\Application), Array, Array, NULL)
#7 /var/www/www-root/data/www/inv.metu.kz/vendor/laravel/framework/src/Illuminate/Console/Command.php(211): Illuminate\\Container\\Container->call(Array)
#8 /var/www/www-root/data/www/inv.metu.kz/vendor/symfony/console/Command/Command.php(326): Illuminate\\Console\\Command->execute(Object(Symfony\\Component\\Console\\Input\\ArgvInput), Object(Illuminate\\Console\\OutputStyle))
#9 /var/www/www-root/data/www/inv.metu.kz/vendor/laravel/framework/src/Illuminate/Console/Command.php(180): Symfony\\Component\\Console\\Command\\Command->run(Object(Symfony\\Component\\Console\\Input\\ArgvInput), Object(Illuminate\\Console\\OutputStyle))
#10 /var/www/www-root/data/www/inv.metu.kz/vendor/symfony/console/Application.php(1096): Illuminate\\Console\\Command->run(Object(Symfony\\Component\\Console\\Input\\ArgvInput), Object(Symfony\\Component\\Console\\Output\\ConsoleOutput))
#11 /var/www/www-root/data/www/inv.metu.kz/vendor/symfony/console/Application.php(324): Symfony\\Component\\Console\\Application->doRunCommand(Object(App\\Console\\Commands\\ExportAssetsForML), Object(Symfony\\Component\\Console\\Input\\ArgvInput), Object(Symfony\\Component\\Console\\Output\\ConsoleOutput))
#12 /var/www/www-root/data/www/inv.metu.kz/vendor/symfony/console/Application.php(175): Symfony\\Component\\Console\\Application->doRun(Object(Symfony\\Component\\Console\\Input\\ArgvInput), Object(Symfony\\Component\\Console\\Output\\ConsoleOutput))
#13 /var/www/www-root/data/www/inv.metu.kz/vendor/laravel/framework/src/Illuminate/Foundation/Console/Kernel.php(201): Symfony\\Component\\Console\\Application->run(Object(Symfony\\Component\\Console\\Input\\ArgvInput), Object(Symfony\\Component\\Console\\Output\\ConsoleOutput))
#14 /var/www/www-root/data/www/inv.metu.kz/artisan(35): Illuminate\\Foundation\\Console\\Kernel->handle(Object(Symfony\\Component\\Console\\Input\\ArgvInput), Object(Symfony\\Component\\Console\\Output\\ConsoleOutput))
#15 {main}
"} 
[2026-01-26 12:13:16] local.ERROR: file_put_contents(/var/www/www-root/data/www/inv.metu.kz/storage/app/ml/assets.json): Failed to open stream: No such file or directory {"exception":"[object] (ErrorException(code: 0): file_put_contents(/var/www/www-root/data/www/inv.metu.kz/storage/app/ml/assets.json): Failed to open stream: No such file or directory at /var/www/www-root/data/www/inv.metu.kz/app/Console/Commands/ExportAssetsForML.php:41)
[stacktrace]
#0 /var/www/www-root/data/www/inv.metu.kz/vendor/laravel/framework/src/Illuminate/Foundation/Bootstrap/HandleExceptions.php(255): Illuminate\\Foundation\\Bootstrap\\HandleExceptions->handleError(2, 'file_put_conten...', '/var/www/www-ro...', 41)
#1 [internal function]: Illuminate\\Foundation\\Bootstrap\\HandleExceptions->Illuminate\\Foundation\\Bootstrap\\{closure}(2, 'file_put_conten...', '/var/www/www-ro...', 41)
#2 /var/www/www-root/data/www/inv.metu.kz/app/Console/Commands/ExportAssetsForML.php(41): file_put_contents('/var/www/www-ro...', '[{\"usage_years\"...')
#3 /var/www/www-root/data/www/inv.metu.kz/vendor/laravel/framework/src/Illuminate/Container/BoundMethod.php(36): App\\Console\\Commands\\ExportAssetsForML->handle()
#4 /var/www/www-root/data/www/inv.metu.kz/vendor/laravel/framework/src/Illuminate/Container/Util.php(41): Illuminate\\Container\\BoundMethod::Illuminate\\Container\\{closure}()
#5 /var/www/www-root/data/www/inv.metu.kz/vendor/laravel/framework/src/Illuminate/Container/BoundMethod.php(93): Illuminate\\Container\\Util::unwrapIfClosure(Object(Closure))
#6 /var/www/www-root/data/www/inv.metu.kz/vendor/laravel/framework/src/Illuminate/Container/BoundMethod.php(35): Illuminate\\Container\\BoundMethod::callBoundMethod(Object(Illuminate\\Foundation\\Application), Array, Object(Closure))
#7 /var/www/www-root/data/www/inv.metu.kz/vendor/laravel/framework/src/Illuminate/Container/Container.php(662): Illuminate\\Container\\BoundMethod::call(Object(Illuminate\\Foundation\\Application), Array, Array, NULL)
#8 /var/www/www-root/data/www/inv.metu.kz/vendor/laravel/framework/src/Illuminate/Console/Command.php(211): Illuminate\\Container\\Container->call(Array)
#9 /var/www/www-root/data/www/inv.metu.kz/vendor/symfony/console/Command/Command.php(326): Illuminate\\Console\\Command->execute(Object(Symfony\\Component\\Console\\Input\\ArgvInput), Object(Illuminate\\Console\\OutputStyle))
#10 /var/www/www-root/data/www/inv.metu.kz/vendor/laravel/framework/src/Illuminate/Console/Command.php(180): Symfony\\Component\\Console\\Command\\Command->run(Object(Symfony\\Component\\Console\\Input\\ArgvInput), Object(Illuminate\\Console\\OutputStyle))
#11 /var/www/www-root/data/www/inv.metu.kz/vendor/symfony/console/Application.php(1096): Illuminate\\Console\\Command->run(Object(Symfony\\Component\\Console\\Input\\ArgvInput), Object(Symfony\\Component\\Console\\Output\\ConsoleOutput))
#12 /var/www/www-root/data/www/inv.metu.kz/vendor/symfony/console/Application.php(324): Symfony\\Component\\Console\\Application->doRunCommand(Object(App\\Console\\Commands\\ExportAssetsForML), Object(Symfony\\Component\\Console\\Input\\ArgvInput), Object(Symfony\\Component\\Console\\Output\\ConsoleOutput))
#13 /var/www/www-root/data/www/inv.metu.kz/vendor/symfony/console/Application.php(175): Symfony\\Component\\Console\\Application->doRun(Object(Symfony\\Component\\Console\\Input\\ArgvInput), Object(Symfony\\Component\\Console\\Output\\ConsoleOutput))
#14 /var/www/www-root/data/www/inv.metu.kz/vendor/laravel/framework/src/Illuminate/Foundation/Console/Kernel.php(201): Symfony\\Component\\Console\\Application->run(Object(Symfony\\Component\\Console\\Input\\ArgvInput), Object(Symfony\\Component\\Console\\Output\\ConsoleOutput))
#15 /var/www/www-root/data/www/inv.metu.kz/artisan(35): Illuminate\\Foundation\\Console\\Kernel->handle(Object(Symfony\\Component\\Console\\Input\\ArgvInput), Object(Symfony\\Component\\Console\\Output\\ConsoleOutput))
#16 {main}
"} 
[2026-01-26 12:14:43] local.ERROR: file_put_contents(/var/www/www-root/data/www/inv.metu.kz/storage/app/ml/assets.json): Failed to open stream: No such file or directory {"exception":"[object] (ErrorException(code: 0): file_put_contents(/var/www/www-root/data/www/inv.metu.kz/storage/app/ml/assets.json): Failed to open stream: No such file or directory at /var/www/www-root/data/www/inv.metu.kz/app/Console/Commands/ExportAssetsForML.php:41)
[stacktrace]
#0 /var/www/www-root/data/www/inv.metu.kz/vendor/laravel/framework/src/Illuminate/Foundation/Bootstrap/HandleExceptions.php(255): Illuminate\\Foundation\\Bootstrap\\HandleExceptions->handleError(2, 'file_put_conten...', '/var/www/www-ro...', 41)
#1 [internal function]: Illuminate\\Foundation\\Bootstrap\\HandleExceptions->Illuminate\\Foundation\\Bootstrap\\{closure}(2, 'file_put_conten...', '/var/www/www-ro...', 41)
#2 /var/www/www-root/data/www/inv.metu.kz/app/Console/Commands/ExportAssetsForML.php(41): file_put_contents('/var/www/www-ro...', '[{\"usage_years\"...')
#3 /var/www/www-root/data/www/inv.metu.kz/vendor/laravel/framework/src/Illuminate/Container/BoundMethod.php(36): App\\Console\\Commands\\ExportAssetsForML->handle()
#4 /var/www/www-root/data/www/inv.metu.kz/vendor/laravel/framework/src/Illuminate/Container/Util.php(41): Illuminate\\Container\\BoundMethod::Illuminate\\Container\\{closure}()
#5 /var/www/www-root/data/www/inv.metu.kz/vendor/laravel/framework/src/Illuminate/Container/BoundMethod.php(93): Illuminate\\Container\\Util::unwrapIfClosure(Object(Closure))
#6 /var/www/www-root/data/www/inv.metu.kz/vendor/laravel/framework/src/Illuminate/Container/BoundMethod.php(35): Illuminate\\Container\\BoundMethod::callBoundMethod(Object(Illuminate\\Foundation\\Application), Array, Object(Closure))
#7 /var/www/www-root/data/www/inv.metu.kz/vendor/laravel/framework/src/Illuminate/Container/Container.php(662): Illuminate\\Container\\BoundMethod::call(Object(Illuminate\\Foundation\\Application), Array, Array, NULL)
#8 /var/www/www-root/data/www/inv.metu.kz/vendor/laravel/framework/src/Illuminate/Console/Command.php(211): Illuminate\\Container\\Container->call(Array)
#9 /var/www/www-root/data/www/inv.metu.kz/vendor/symfony/console/Command/Command.php(326): Illuminate\\Console\\Command->execute(Object(Symfony\\Component\\Console\\Input\\ArgvInput), Object(Illuminate\\Console\\OutputStyle))
#10 /var/www/www-root/data/www/inv.metu.kz/vendor/laravel/framework/src/Illuminate/Console/Command.php(180): Symfony\\Component\\Console\\Command\\Command->run(Object(Symfony\\Component\\Console\\Input\\ArgvInput), Object(Illuminate\\Console\\OutputStyle))
#11 /var/www/www-root/data/www/inv.metu.kz/vendor/symfony/console/Application.php(1096): Illuminate\\Console\\Command->run(Object(Symfony\\Component\\Console\\Input\\ArgvInput), Object(Symfony\\Component\\Console\\Output\\ConsoleOutput))
#12 /var/www/www-root/data/www/inv.metu.kz/vendor/symfony/console/Application.php(324): Symfony\\Component\\Console\\Application->doRunCommand(Object(App\\Console\\Commands\\ExportAssetsForML), Object(Symfony\\Component\\Console\\Input\\ArgvInput), Object(Symfony\\Component\\Console\\Output\\ConsoleOutput))
#13 /var/www/www-root/data/www/inv.metu.kz/vendor/symfony/console/Application.php(175): Symfony\\Component\\Console\\Application->doRun(Object(Symfony\\Component\\Console\\Input\\ArgvInput), Object(Symfony\\Component\\Console\\Output\\ConsoleOutput))
#14 /var/www/www-root/data/www/inv.metu.kz/vendor/laravel/framework/src/Illuminate/Foundation/Console/Kernel.php(201): Symfony\\Component\\Console\\Application->run(Object(Symfony\\Component\\Console\\Input\\ArgvInput), Object(Symfony\\Component\\Console\\Output\\ConsoleOutput))
#15 /var/www/www-root/data/www/inv.metu.kz/artisan(35): Illuminate\\Foundation\\Console\\Kernel->handle(Object(Symfony\\Component\\Console\\Input\\ArgvInput), Object(Symfony\\Component\\Console\\Output\\ConsoleOutput))
#16 {main}
"} 
[2026-06-15 17:58:10] production.ERROR: SQLSTATE[HY000] [1045] Access denied for user 'forge'@'localhost' (using password: YES) (Connection: mysql, SQL: select table_name as `name`, (data_length + index_length) as `size`, table_comment as `comment`, engine as `engine`, table_collation as `collation` from information_schema.tables where table_schema = 'forge' and table_type in ('BASE TABLE', 'SYSTEM VERSIONED') order by table_name) {"exception":"[object] (Illuminate\\Database\\QueryException(code: 1045): SQLSTATE[HY000] [1045] Access denied for user 'forge'@'localhost' (using password: YES) (Connection: mysql, SQL: select table_name as `name`, (data_length + index_length) as `size`, table_comment as `comment`, engine as `engine`, table_collation as `collation` from information_schema.tables where table_schema = 'forge' and table_type in ('BASE TABLE', 'SYSTEM VERSIONED') order by table_name) at F:\\OSPanel\\domains\\inv.metu.kz\\vendor\\laravel\\framework\\src\\Illuminate\\Database\\Connection.php:829)
[stacktrace]
#0 F:\\OSPanel\\domains\\inv.metu.kz\\vendor\\laravel\\framework\\src\\Illuminate\\Database\\Connection.php(783): Illuminate\\Database\\Connection->runQueryCallback()
#1 F:\\OSPanel\\domains\\inv.metu.kz\\vendor\\laravel\\framework\\src\\Illuminate\\Database\\Connection.php(414): Illuminate\\Database\\Connection->run()
#2 F:\\OSPanel\\domains\\inv.metu.kz\\vendor\\laravel\\framework\\src\\Illuminate\\Database\\Connection.php(401): Illuminate\\Database\\Connection->select()
#3 F:\\OSPanel\\domains\\inv.metu.kz\\vendor\\laravel\\framework\\src\\Illuminate\\Database\\Schema\\MySqlBuilder.php(41): Illuminate\\Database\\Connection->selectFromWriteConnection()
#4 F:\\OSPanel\\domains\\inv.metu.kz\\vendor\\laravel\\framework\\src\\Illuminate\\Database\\Schema\\Builder.php(165): Illuminate\\Database\\Schema\\MySqlBuilder->getTables()
#5 F:\\OSPanel\\domains\\inv.metu.kz\\vendor\\laravel\\framework\\src\\Illuminate\\Database\\Migrations\\DatabaseMigrationRepository.php(184): Illuminate\\Database\\Schema\\Builder->hasTable()
#6 F:\\OSPanel\\domains\\inv.metu.kz\\vendor\\laravel\\framework\\src\\Illuminate\\Database\\Migrations\\Migrator.php(700): Illuminate\\Database\\Migrations\\DatabaseMigrationRepository->repositoryExists()
#7 F:\\OSPanel\\domains\\inv.metu.kz\\vendor\\laravel\\framework\\src\\Illuminate\\Database\\Console\\Migrations\\MigrateCommand.php(140): Illuminate\\Database\\Migrations\\Migrator->repositoryExists()
#8 F:\\OSPanel\\domains\\inv.metu.kz\\vendor\\laravel\\framework\\src\\Illuminate\\Support\\helpers.php(248): Illuminate\\Database\\Console\\Migrations\\MigrateCommand->Illuminate\\Database\\Console\\Migrations\\{closure}()
#9 F:\\OSPanel\\domains\\inv.metu.kz\\vendor\\laravel\\framework\\src\\Illuminate\\Database\\Console\\Migrations\\MigrateCommand.php(140): retry()
#10 F:\\OSPanel\\domains\\inv.metu.kz\\vendor\\laravel\\framework\\src\\Illuminate\\Database\\Console\\Migrations\\MigrateCommand.php(116): Illuminate\\Database\\Console\\Migrations\\MigrateCommand->repositoryExists()
#11 F:\\OSPanel\\domains\\inv.metu.kz\\vendor\\laravel\\framework\\src\\Illuminate\\Database\\Console\\Migrations\\MigrateCommand.php(84): Illuminate\\Database\\Console\\Migrations\\MigrateCommand->prepareDatabase()
#12 F:\\OSPanel\\domains\\inv.metu.kz\\vendor\\laravel\\framework\\src\\Illuminate\\Database\\Migrations\\Migrator.php(633): Illuminate\\Database\\Console\\Migrations\\MigrateCommand->Illuminate\\Database\\Console\\Migrations\\{closure}()
#13 F:\\OSPanel\\domains\\inv.metu.kz\\vendor\\laravel\\framework\\src\\Illuminate\\Database\\Console\\Migrations\\MigrateCommand.php(83): Illuminate\\Database\\Migrations\\Migrator->usingConnection()
#14 F:\\OSPanel\\domains\\inv.metu.kz\\vendor\\laravel\\framework\\src\\Illuminate\\Container\\BoundMethod.php(36): Illuminate\\Database\\Console\\Migrations\\MigrateCommand->handle()
#15 F:\\OSPanel\\domains\\inv.metu.kz\\vendor\\laravel\\framework\\src\\Illuminate\\Container\\Util.php(41): Illuminate\\Container\\BoundMethod::Illuminate\\Container\\{closure}()
#16 F:\\OSPanel\\domains\\inv.metu.kz\\vendor\\laravel\\framework\\src\\Illuminate\\Container\\BoundMethod.php(93): Illuminate\\Container\\Util::unwrapIfClosure()
#17 F:\\OSPanel\\domains\\inv.metu.kz\\vendor\\laravel\\framework\\src\\Illuminate\\Container\\BoundMethod.php(35): Illuminate\\Container\\BoundMethod::callBoundMethod()
#18 F:\\OSPanel\\domains\\inv.metu.kz\\vendor\\laravel\\framework\\src\\Illuminate\\Container\\Container.php(662): Illuminate\\Container\\BoundMethod::call()
#19 F:\\OSPanel\\domains\\inv.metu.kz\\vendor\\laravel\\framework\\src\\Illuminate\\Console\\Command.php(211): Illuminate\\Container\\Container->call()
#20 F:\\OSPanel\\domains\\inv.metu.kz\\vendor\\symfony\\console\\Command\\Command.php(326): Illuminate\\Console\\Command->execute()
#21 F:\\OSPanel\\domains\\inv.metu.kz\\vendor\\laravel\\framework\\src\\Illuminate\\Console\\Command.php(180): Symfony\\Component\\Console\\Command\\Command->run()
#22 F:\\OSPanel\\domains\\inv.metu.kz\\vendor\\symfony\\console\\Application.php(1096): Illuminate\\Console\\Command->run()
#23 F:\\OSPanel\\domains\\inv.metu.kz\\vendor\\symfony\\console\\Application.php(324): Symfony\\Component\\Console\\Application->doRunCommand()
#24 F:\\OSPanel\\domains\\inv.metu.kz\\vendor\\symfony\\console\\Application.php(175): Symfony\\Component\\Console\\Application->doRun()
#25 F:\\OSPanel\\domains\\inv.metu.kz\\vendor\\laravel\\framework\\src\\Illuminate\\Foundation\\Console\\Kernel.php(201): Symfony\\Component\\Console\\Application->run()
#26 F:\\OSPanel\\domains\\inv.metu.kz\\artisan(35): Illuminate\\Foundation\\Console\\Kernel->handle()
#27 {main}

[previous exception] [object] (PDOException(code: 1045): SQLSTATE[HY000] [1045] Access denied for user 'forge'@'localhost' (using password: YES) at F:\\OSPanel\\domains\\inv.metu.kz\\vendor\\laravel\\framework\\src\\Illuminate\\Database\\Connectors\\Connector.php:65)
[stacktrace]
#0 F:\\OSPanel\\domains\\inv.metu.kz\\vendor\\laravel\\framework\\src\\Illuminate\\Database\\Connectors\\Connector.php(65): PDO->__construct()
#1 F:\\OSPanel\\domains\\inv.metu.kz\\vendor\\laravel\\framework\\src\\Illuminate\\Database\\Connectors\\Connector.php(44): Illuminate\\Database\\Connectors\\Connector->createPdoConnection()
#2 F:\\OSPanel\\domains\\inv.metu.kz\\vendor\\laravel\\framework\\src\\Illuminate\\Database\\Connectors\\MySqlConnector.php(24): Illuminate\\Database\\Connectors\\Connector->createConnection()
#3 F:\\OSPanel\\domains\\inv.metu.kz\\vendor\\laravel\\framework\\src\\Illuminate\\Database\\Connectors\\ConnectionFactory.php(184): Illuminate\\Database\\Connectors\\MySqlConnector->connect()
#4 [internal function]: Illuminate\\Database\\Connectors\\ConnectionFactory->Illuminate\\Database\\Connectors\\{closure}()
#5 F:\\OSPanel\\domains\\inv.metu.kz\\vendor\\laravel\\framework\\src\\Illuminate\\Database\\Connection.php(1339): call_user_func()
#6 F:\\OSPanel\\domains\\inv.metu.kz\\vendor\\laravel\\framework\\src\\Illuminate\\Database\\Connection.php(528): Illuminate\\Database\\Connection->getPdo()
#7 F:\\OSPanel\\domains\\inv.metu.kz\\vendor\\laravel\\framework\\src\\Illuminate\\Database\\Connection.php(423): Illuminate\\Database\\Connection->getPdoForSelect()
#8 F:\\OSPanel\\domains\\inv.metu.kz\\vendor\\laravel\\framework\\src\\Illuminate\\Database\\Connection.php(816): Illuminate\\Database\\Connection->Illuminate\\Database\\{closure}()
#9 F:\\OSPanel\\domains\\inv.metu.kz\\vendor\\laravel\\framework\\src\\Illuminate\\Database\\Connection.php(783): Illuminate\\Database\\Connection->runQueryCallback()
#10 F:\\OSPanel\\domains\\inv.metu.kz\\vendor\\laravel\\framework\\src\\Illuminate\\Database\\Connection.php(414): Illuminate\\Database\\Connection->run()
#11 F:\\OSPanel\\domains\\inv.metu.kz\\vendor\\laravel\\framework\\src\\Illuminate\\Database\\Connection.php(401): Illuminate\\Database\\Connection->select()
#12 F:\\OSPanel\\domains\\inv.metu.kz\\vendor\\laravel\\framework\\src\\Illuminate\\Database\\Schema\\MySqlBuilder.php(41): Illuminate\\Database\\Connection->selectFromWriteConnection()
#13 F:\\OSPanel\\domains\\inv.metu.kz\\vendor\\laravel\\framework\\src\\Illuminate\\Database\\Schema\\Builder.php(165): Illuminate\\Database\\Schema\\MySqlBuilder->getTables()
#14 F:\\OSPanel\\domains\\inv.metu.kz\\vendor\\laravel\\framework\\src\\Illuminate\\Database\\Migrations\\DatabaseMigrationRepository.php(184): Illuminate\\Database\\Schema\\Builder->hasTable()
#15 F:\\OSPanel\\domains\\inv.metu.kz\\vendor\\laravel\\framework\\src\\Illuminate\\Database\\Migrations\\Migrator.php(700): Illuminate\\Database\\Migrations\\DatabaseMigrationRepository->repositoryExists()
#16 F:\\OSPanel\\domains\\inv.metu.kz\\vendor\\laravel\\framework\\src\\Illuminate\\Database\\Console\\Migrations\\MigrateCommand.php(140): Illuminate\\Database\\Migrations\\Migrator->repositoryExists()
#17 F:\\OSPanel\\domains\\inv.metu.kz\\vendor\\laravel\\framework\\src\\Illuminate\\Support\\helpers.php(248): Illuminate\\Database\\Console\\Migrations\\MigrateCommand->Illuminate\\Database\\Console\\Migrations\\{closure}()
#18 F:\\OSPanel\\domains\\inv.metu.kz\\vendor\\laravel\\framework\\src\\Illuminate\\Database\\Console\\Migrations\\MigrateCommand.php(140): retry()
#19 F:\\OSPanel\\domains\\inv.metu.kz\\vendor\\laravel\\framework\\src\\Illuminate\\Database\\Console\\Migrations\\MigrateCommand.php(116): Illuminate\\Database\\Console\\Migrations\\MigrateCommand->repositoryExists()
#20 F:\\OSPanel\\domains\\inv.metu.kz\\vendor\\laravel\\framework\\src\\Illuminate\\Database\\Console\\Migrations\\MigrateCommand.php(84): Illuminate\\Database\\Console\\Migrations\\MigrateCommand->prepareDatabase()
#21 F:\\OSPanel\\domains\\inv.metu.kz\\vendor\\laravel\\framework\\src\\Illuminate\\Database\\Migrations\\Migrator.php(633): Illuminate\\Database\\Console\\Migrations\\MigrateCommand->Illuminate\\Database\\Console\\Migrations\\{closure}()
#22 F:\\OSPanel\\domains\\inv.metu.kz\\vendor\\laravel\\framework\\src\\Illuminate\\Database\\Console\\Migrations\\MigrateCommand.php(83): Illuminate\\Database\\Migrations\\Migrator->usingConnection()
#23 F:\\OSPanel\\domains\\inv.metu.kz\\vendor\\laravel\\framework\\src\\Illuminate\\Container\\BoundMethod.php(36): Illuminate\\Database\\Console\\Migrations\\MigrateCommand->handle()
#24 F:\\OSPanel\\domains\\inv.metu.kz\\vendor\\laravel\\framework\\src\\Illuminate\\Container\\Util.php(41): Illuminate\\Container\\BoundMethod::Illuminate\\Container\\{closure}()
#25 F:\\OSPanel\\domains\\inv.metu.kz\\vendor\\laravel\\framework\\src\\Illuminate\\Container\\BoundMethod.php(93): Illuminate\\Container\\Util::unwrapIfClosure()
#26 F:\\OSPanel\\domains\\inv.metu.kz\\vendor\\laravel\\framework\\src\\Illuminate\\Container\\BoundMethod.php(35): Illuminate\\Container\\BoundMethod::callBoundMethod()
#27 F:\\OSPanel\\domains\\inv.metu.kz\\vendor\\laravel\\framework\\src\\Illuminate\\Container\\Container.php(662): Illuminate\\Container\\BoundMethod::call()
#28 F:\\OSPanel\\domains\\inv.metu.kz\\vendor\\laravel\\framework\\src\\Illuminate\\Console\\Command.php(211): Illuminate\\Container\\Container->call()
#29 F:\\OSPanel\\domains\\inv.metu.kz\\vendor\\symfony\\console\\Command\\Command.php(326): Illuminate\\Console\\Command->execute()
#30 F:\\OSPanel\\domains\\inv.metu.kz\\vendor\\laravel\\framework\\src\\Illuminate\\Console\\Command.php(180): Symfony\\Component\\Console\\Command\\Command->run()
#31 F:\\OSPanel\\domains\\inv.metu.kz\\vendor\\symfony\\console\\Application.php(1096): Illuminate\\Console\\Command->run()
#32 F:\\OSPanel\\domains\\inv.metu.kz\\vendor\\symfony\\console\\Application.php(324): Symfony\\Component\\Console\\Application->doRunCommand()
#33 F:\\OSPanel\\domains\\inv.metu.kz\\vendor\\symfony\\console\\Application.php(175): Symfony\\Component\\Console\\Application->doRun()
#34 F:\\OSPanel\\domains\\inv.metu.kz\\vendor\\laravel\\framework\\src\\Illuminate\\Foundation\\Console\\Kernel.php(201): Symfony\\Component\\Console\\Application->run()
#35 F:\\OSPanel\\domains\\inv.metu.kz\\artisan(35): Illuminate\\Foundation\\Console\\Kernel->handle()
#36 {main}
"} 
[2026-06-15 17:58:11] production.ERROR: SQLSTATE[HY000] [1045] Access denied for user 'forge'@'localhost' (using password: YES) (Connection: mysql, SQL: select * from `roles` where (`name` = admin) limit 1) {"exception":"[object] (Illuminate\\Database\\QueryException(code: 1045): SQLSTATE[HY000] [1045] Access denied for user 'forge'@'localhost' (using password: YES) (Connection: mysql, SQL: select * from `roles` where (`name` = admin) limit 1) at F:\\OSPanel\\domains\\inv.metu.kz\\vendor\\laravel\\framework\\src\\Illuminate\\Database\\Connection.php:829)
[stacktrace]
#0 F:\\OSPanel\\domains\\inv.metu.kz\\vendor\\laravel\\framework\\src\\Illuminate\\Database\\Connection.php(783): Illuminate\\Database\\Connection->runQueryCallback()
#1 F:\\OSPanel\\domains\\inv.metu.kz\\vendor\\laravel\\framework\\src\\Illuminate\\Database\\Connection.php(414): Illuminate\\Database\\Connection->run()
#2 F:\\OSPanel\\domains\\inv.metu.kz\\vendor\\laravel\\framework\\src\\Illuminate\\Database\\Query\\Builder.php(2913): Illuminate\\Database\\Connection->select()
#3 F:\\OSPanel\\domains\\inv.metu.kz\\vendor\\laravel\\framework\\src\\Illuminate\\Database\\Query\\Builder.php(2902): Illuminate\\Database\\Query\\Builder->runSelect()
#4 F:\\OSPanel\\domains\\inv.metu.kz\\vendor\\laravel\\framework\\src\\Illuminate\\Database\\Query\\Builder.php(3456): Illuminate\\Database\\Query\\Builder->Illuminate\\Database\\Query\\{closure}()
#5 F:\\OSPanel\\domains\\inv.metu.kz\\vendor\\laravel\\framework\\src\\Illuminate\\Database\\Query\\Builder.php(2901): Illuminate\\Database\\Query\\Builder->onceWithColumns()
#6 F:\\OSPanel\\domains\\inv.metu.kz\\vendor\\laravel\\framework\\src\\Illuminate\\Database\\Eloquent\\Builder.php(739): Illuminate\\Database\\Query\\Builder->get()
#7 F:\\OSPanel\\domains\\inv.metu.kz\\vendor\\laravel\\framework\\src\\Illuminate\\Database\\Eloquent\\Builder.php(723): Illuminate\\Database\\Eloquent\\Builder->getModels()
#8 F:\\OSPanel\\domains\\inv.metu.kz\\vendor\\laravel\\framework\\src\\Illuminate\\Database\\Concerns\\BuildsQueries.php(333): Illuminate\\Database\\Eloquent\\Builder->get()
#9 F:\\OSPanel\\domains\\inv.metu.kz\\vendor\\laravel\\framework\\src\\Illuminate\\Database\\Eloquent\\Builder.php(568): Illuminate\\Database\\Eloquent\\Builder->first()
#10 F:\\OSPanel\\domains\\inv.metu.kz\\vendor\\laravel\\framework\\src\\Illuminate\\Support\\Traits\\ForwardsCalls.php(23): Illuminate\\Database\\Eloquent\\Builder->firstOrCreate()
#11 F:\\OSPanel\\domains\\inv.metu.kz\\vendor\\laravel\\framework\\src\\Illuminate\\Database\\Eloquent\\Model.php(2335): Illuminate\\Database\\Eloquent\\Model->forwardCallTo()
#12 F:\\OSPanel\\domains\\inv.metu.kz\\vendor\\laravel\\framework\\src\\Illuminate\\Database\\Eloquent\\Model.php(2347): Illuminate\\Database\\Eloquent\\Model->__call()
#13 F:\\OSPanel\\domains\\inv.metu.kz\\database\\seeders\\RoleAndPermissionSeeder.php(19): Illuminate\\Database\\Eloquent\\Model::__callStatic()
#14 F:\\OSPanel\\domains\\inv.metu.kz\\vendor\\laravel\\framework\\src\\Illuminate\\Container\\BoundMethod.php(36): Database\\Seeders\\RoleAndPermissionSeeder->run()
#15 F:\\OSPanel\\domains\\inv.metu.kz\\vendor\\laravel\\framework\\src\\Illuminate\\Container\\Util.php(41): Illuminate\\Container\\BoundMethod::Illuminate\\Container\\{closure}()
#16 F:\\OSPanel\\domains\\inv.metu.kz\\vendor\\laravel\\framework\\src\\Illuminate\\Container\\BoundMethod.php(93): Illuminate\\Container\\Util::unwrapIfClosure()
#17 F:\\OSPanel\\domains\\inv.metu.kz\\vendor\\laravel\\framework\\src\\Illuminate\\Container\\BoundMethod.php(35): Illuminate\\Container\\BoundMethod::callBoundMethod()
#18 F:\\OSPanel\\domains\\inv.metu.kz\\vendor\\laravel\\framework\\src\\Illuminate\\Container\\Container.php(662): Illuminate\\Container\\BoundMethod::call()
#19 F:\\OSPanel\\domains\\inv.metu.kz\\vendor\\laravel\\framework\\src\\Illuminate\\Database\\Seeder.php(184): Illuminate\\Container\\Container->call()
#20 F:\\OSPanel\\domains\\inv.metu.kz\\vendor\\laravel\\framework\\src\\Illuminate\\Database\\Seeder.php(193): Illuminate\\Database\\Seeder->Illuminate\\Database\\{closure}()
#21 F:\\OSPanel\\domains\\inv.metu.kz\\vendor\\laravel\\framework\\src\\Illuminate\\Database\\Console\\Seeds\\SeedCommand.php(70): Illuminate\\Database\\Seeder->__invoke()
#22 F:\\OSPanel\\domains\\inv.metu.kz\\vendor\\laravel\\framework\\src\\Illuminate\\Database\\Eloquent\\Concerns\\GuardsAttributes.php(155): Illuminate\\Database\\Console\\Seeds\\SeedCommand->Illuminate\\Database\\Console\\Seeds\\{closure}()
#23 F:\\OSPanel\\domains\\inv.metu.kz\\vendor\\laravel\\framework\\src\\Illuminate\\Database\\Console\\Seeds\\SeedCommand.php(69): Illuminate\\Database\\Eloquent\\Model::unguarded()
#24 F:\\OSPanel\\domains\\inv.metu.kz\\vendor\\laravel\\framework\\src\\Illuminate\\Container\\BoundMethod.php(36): Illuminate\\Database\\Console\\Seeds\\SeedCommand->handle()
#25 F:\\OSPanel\\domains\\inv.metu.kz\\vendor\\laravel\\framework\\src\\Illuminate\\Container\\Util.php(41): Illuminate\\Container\\BoundMethod::Illuminate\\Container\\{closure}()
#26 F:\\OSPanel\\domains\\inv.metu.kz\\vendor\\laravel\\framework\\src\\Illuminate\\Container\\BoundMethod.php(93): Illuminate\\Container\\Util::unwrapIfClosure()
#27 F:\\OSPanel\\domains\\inv.metu.kz\\vendor\\laravel\\framework\\src\\Illuminate\\Container\\BoundMethod.php(35): Illuminate\\Container\\BoundMethod::callBoundMethod()
#28 F:\\OSPanel\\domains\\inv.metu.kz\\vendor\\laravel\\framework\\src\\Illuminate\\Container\\Container.php(662): Illuminate\\Container\\BoundMethod::call()
#29 F:\\OSPanel\\domains\\inv.metu.kz\\vendor\\laravel\\framework\\src\\Illuminate\\Console\\Command.php(211): Illuminate\\Container\\Container->call()
#30 F:\\OSPanel\\domains\\inv.metu.kz\\vendor\\symfony\\console\\Command\\Command.php(326): Illuminate\\Console\\Command->execute()
#31 F:\\OSPanel\\domains\\inv.metu.kz\\vendor\\laravel\\framework\\src\\Illuminate\\Console\\Command.php(180): Symfony\\Component\\Console\\Command\\Command->run()
#32 F:\\OSPanel\\domains\\inv.metu.kz\\vendor\\symfony\\console\\Application.php(1096): Illuminate\\Console\\Command->run()
#33 F:\\OSPanel\\domains\\inv.metu.kz\\vendor\\symfony\\console\\Application.php(324): Symfony\\Component\\Console\\Application->doRunCommand()
#34 F:\\OSPanel\\domains\\inv.metu.kz\\vendor\\symfony\\console\\Application.php(175): Symfony\\Component\\Console\\Application->doRun()
#35 F:\\OSPanel\\domains\\inv.metu.kz\\vendor\\laravel\\framework\\src\\Illuminate\\Foundation\\Console\\Kernel.php(201): Symfony\\Component\\Console\\Application->run()
#36 F:\\OSPanel\\domains\\inv.metu.kz\\artisan(35): Illuminate\\Foundation\\Console\\Kernel->handle()
#37 {main}

[previous exception] [object] (PDOException(code: 1045): SQLSTATE[HY000] [1045] Access denied for user 'forge'@'localhost' (using password: YES) at F:\\OSPanel\\domains\\inv.metu.kz\\vendor\\laravel\\framework\\src\\Illuminate\\Database\\Connectors\\Connector.php:65)
[stacktrace]
#0 F:\\OSPanel\\domains\\inv.metu.kz\\vendor\\laravel\\framework\\src\\Illuminate\\Database\\Connectors\\Connector.php(65): PDO->__construct()
#1 F:\\OSPanel\\domains\\inv.metu.kz\\vendor\\laravel\\framework\\src\\Illuminate\\Database\\Connectors\\Connector.php(44): Illuminate\\Database\\Connectors\\Connector->createPdoConnection()
#2 F:\\OSPanel\\domains\\inv.metu.kz\\vendor\\laravel\\framework\\src\\Illuminate\\Database\\Connectors\\MySqlConnector.php(24): Illuminate\\Database\\Connectors\\Connector->createConnection()
#3 F:\\OSPanel\\domains\\inv.metu.kz\\vendor\\laravel\\framework\\src\\Illuminate\\Database\\Connectors\\ConnectionFactory.php(184): Illuminate\\Database\\Connectors\\MySqlConnector->connect()
#4 [internal function]: Illuminate\\Database\\Connectors\\ConnectionFactory->Illuminate\\Database\\Connectors\\{closure}()
#5 F:\\OSPanel\\domains\\inv.metu.kz\\vendor\\laravel\\framework\\src\\Illuminate\\Database\\Connection.php(1339): call_user_func()
#6 F:\\OSPanel\\domains\\inv.metu.kz\\vendor\\laravel\\framework\\src\\Illuminate\\Database\\Connection.php(1375): Illuminate\\Database\\Connection->getPdo()
#7 F:\\OSPanel\\domains\\inv.metu.kz\\vendor\\laravel\\framework\\src\\Illuminate\\Database\\Connection.php(528): Illuminate\\Database\\Connection->getReadPdo()
#8 F:\\OSPanel\\domains\\inv.metu.kz\\vendor\\laravel\\framework\\src\\Illuminate\\Database\\Connection.php(423): Illuminate\\Database\\Connection->getPdoForSelect()
#9 F:\\OSPanel\\domains\\inv.metu.kz\\vendor\\laravel\\framework\\src\\Illuminate\\Database\\Connection.php(816): Illuminate\\Database\\Connection->Illuminate\\Database\\{closure}()
#10 F:\\OSPanel\\domains\\inv.metu.kz\\vendor\\laravel\\framework\\src\\Illuminate\\Database\\Connection.php(783): Illuminate\\Database\\Connection->runQueryCallback()
#11 F:\\OSPanel\\domains\\inv.metu.kz\\vendor\\laravel\\framework\\src\\Illuminate\\Database\\Connection.php(414): Illuminate\\Database\\Connection->run()
#12 F:\\OSPanel\\domains\\inv.metu.kz\\vendor\\laravel\\framework\\src\\Illuminate\\Database\\Query\\Builder.php(2913): Illuminate\\Database\\Connection->select()
#13 F:\\OSPanel\\domains\\inv.metu.kz\\vendor\\laravel\\framework\\src\\Illuminate\\Database\\Query\\Builder.php(2902): Illuminate\\Database\\Query\\Builder->runSelect()
#14 F:\\OSPanel\\domains\\inv.metu.kz\\vendor\\laravel\\framework\\src\\Illuminate\\Database\\Query\\Builder.php(3456): Illuminate\\Database\\Query\\Builder->Illuminate\\Database\\Query\\{closure}()
#15 F:\\OSPanel\\domains\\inv.metu.kz\\vendor\\laravel\\framework\\src\\Illuminate\\Database\\Query\\Builder.php(2901): Illuminate\\Database\\Query\\Builder->onceWithColumns()
#16 F:\\OSPanel\\domains\\inv.metu.kz\\vendor\\laravel\\framework\\src\\Illuminate\\Database\\Eloquent\\Builder.php(739): Illuminate\\Database\\Query\\Builder->get()
#17 F:\\OSPanel\\domains\\inv.metu.kz\\vendor\\laravel\\framework\\src\\Illuminate\\Database\\Eloquent\\Builder.php(723): Illuminate\\Database\\Eloquent\\Builder->getModels()
#18 F:\\OSPanel\\domains\\inv.metu.kz\\vendor\\laravel\\framework\\src\\Illuminate\\Database\\Concerns\\BuildsQueries.php(333): Illuminate\\Database\\Eloquent\\Builder->get()
#19 F:\\OSPanel\\domains\\inv.metu.kz\\vendor\\laravel\\framework\\src\\Illuminate\\Database\\Eloquent\\Builder.php(568): Illuminate\\Database\\Eloquent\\Builder->first()
#20 F:\\OSPanel\\domains\\inv.metu.kz\\vendor\\laravel\\framework\\src\\Illuminate\\Support\\Traits\\ForwardsCalls.php(23): Illuminate\\Database\\Eloquent\\Builder->firstOrCreate()
#21 F:\\OSPanel\\domains\\inv.metu.kz\\vendor\\laravel\\framework\\src\\Illuminate\\Database\\Eloquent\\Model.php(2335): Illuminate\\Database\\Eloquent\\Model->forwardCallTo()
#22 F:\\OSPanel\\domains\\inv.metu.kz\\vendor\\laravel\\framework\\src\\Illuminate\\Database\\Eloquent\\Model.php(2347): Illuminate\\Database\\Eloquent\\Model->__call()
#23 F:\\OSPanel\\domains\\inv.metu.kz\\database\\seeders\\RoleAndPermissionSeeder.php(19): Illuminate\\Database\\Eloquent\\Model::__callStatic()
#24 F:\\OSPanel\\domains\\inv.metu.kz\\vendor\\laravel\\framework\\src\\Illuminate\\Container\\BoundMethod.php(36): Database\\Seeders\\RoleAndPermissionSeeder->run()
#25 F:\\OSPanel\\domains\\inv.metu.kz\\vendor\\laravel\\framework\\src\\Illuminate\\Container\\Util.php(41): Illuminate\\Container\\BoundMethod::Illuminate\\Container\\{closure}()
#26 F:\\OSPanel\\domains\\inv.metu.kz\\vendor\\laravel\\framework\\src\\Illuminate\\Container\\BoundMethod.php(93): Illuminate\\Container\\Util::unwrapIfClosure()
#27 F:\\OSPanel\\domains\\inv.metu.kz\\vendor\\laravel\\framework\\src\\Illuminate\\Container\\BoundMethod.php(35): Illuminate\\Container\\BoundMethod::callBoundMethod()
#28 F:\\OSPanel\\domains\\inv.metu.kz\\vendor\\laravel\\framework\\src\\Illuminate\\Container\\Container.php(662): Illuminate\\Container\\BoundMethod::call()
#29 F:\\OSPanel\\domains\\inv.metu.kz\\vendor\\laravel\\framework\\src\\Illuminate\\Database\\Seeder.php(184): Illuminate\\Container\\Container->call()
#30 F:\\OSPanel\\domains\\inv.metu.kz\\vendor\\laravel\\framework\\src\\Illuminate\\Database\\Seeder.php(193): Illuminate\\Database\\Seeder->Illuminate\\Database\\{closure}()
#31 F:\\OSPanel\\domains\\inv.metu.kz\\vendor\\laravel\\framework\\src\\Illuminate\\Database\\Console\\Seeds\\SeedCommand.php(70): Illuminate\\Database\\Seeder->__invoke()
#32 F:\\OSPanel\\domains\\inv.metu.kz\\vendor\\laravel\\framework\\src\\Illuminate\\Database\\Eloquent\\Concerns\\GuardsAttributes.php(155): Illuminate\\Database\\Console\\Seeds\\SeedCommand->Illuminate\\Database\\Console\\Seeds\\{closure}()
#33 F:\\OSPanel\\domains\\inv.metu.kz\\vendor\\laravel\\framework\\src\\Illuminate\\Database\\Console\\Seeds\\SeedCommand.php(69): Illuminate\\Database\\Eloquent\\Model::unguarded()
#34 F:\\OSPanel\\domains\\inv.metu.kz\\vendor\\laravel\\framework\\src\\Illuminate\\Container\\BoundMethod.php(36): Illuminate\\Database\\Console\\Seeds\\SeedCommand->handle()
#35 F:\\OSPanel\\domains\\inv.metu.kz\\vendor\\laravel\\framework\\src\\Illuminate\\Container\\Util.php(41): Illuminate\\Container\\BoundMethod::Illuminate\\Container\\{closure}()
#36 F:\\OSPanel\\domains\\inv.metu.kz\\vendor\\laravel\\framework\\src\\Illuminate\\Container\\BoundMethod.php(93): Illuminate\\Container\\Util::unwrapIfClosure()
#37 F:\\OSPanel\\domains\\inv.metu.kz\\vendor\\laravel\\framework\\src\\Illuminate\\Container\\BoundMethod.php(35): Illuminate\\Container\\BoundMethod::callBoundMethod()
#38 F:\\OSPanel\\domains\\inv.metu.kz\\vendor\\laravel\\framework\\src\\Illuminate\\Container\\Container.php(662): Illuminate\\Container\\BoundMethod::call()
#39 F:\\OSPanel\\domains\\inv.metu.kz\\vendor\\laravel\\framework\\src\\Illuminate\\Console\\Command.php(211): Illuminate\\Container\\Container->call()
#40 F:\\OSPanel\\domains\\inv.metu.kz\\vendor\\symfony\\console\\Command\\Command.php(326): Illuminate\\Console\\Command->execute()
#41 F:\\OSPanel\\domains\\inv.metu.kz\\vendor\\laravel\\framework\\src\\Illuminate\\Console\\Command.php(180): Symfony\\Component\\Console\\Command\\Command->run()
#42 F:\\OSPanel\\domains\\inv.metu.kz\\vendor\\symfony\\console\\Application.php(1096): Illuminate\\Console\\Command->run()
#43 F:\\OSPanel\\domains\\inv.metu.kz\\vendor\\symfony\\console\\Application.php(324): Symfony\\Component\\Console\\Application->doRunCommand()
#44 F:\\OSPanel\\domains\\inv.metu.kz\\vendor\\symfony\\console\\Application.php(175): Symfony\\Component\\Console\\Application->doRun()
#45 F:\\OSPanel\\domains\\inv.metu.kz\\vendor\\laravel\\framework\\src\\Illuminate\\Foundation\\Console\\Kernel.php(201): Symfony\\Component\\Console\\Application->run()
#46 F:\\OSPanel\\domains\\inv.metu.kz\\artisan(35): Illuminate\\Foundation\\Console\\Kernel->handle()
#47 {main}
"} 
[2026-06-15 18:10:33] local.ERROR: SQLSTATE[42S01]: Base table or view already exists: 1050 Table 'token' already exists (Connection: mysql, SQL: create table `token` (`id` bigint unsigned not null auto_increment primary key, `TutorID` int not null, `token` varchar(255) not null, `created_at` timestamp null, `updated_at` timestamp null) default character set utf8mb4 collate 'utf8mb4_unicode_ci') {"exception":"[object] (Illuminate\\Database\\QueryException(code: 42S01): SQLSTATE[42S01]: Base table or view already exists: 1050 Table 'token' already exists (Connection: mysql, SQL: create table `token` (`id` bigint unsigned not null auto_increment primary key, `TutorID` int not null, `token` varchar(255) not null, `created_at` timestamp null, `updated_at` timestamp null) default character set utf8mb4 collate 'utf8mb4_unicode_ci') at F:\\OSPanel\\domains\\inv.metu.kz\\vendor\\laravel\\framework\\src\\Illuminate\\Database\\Connection.php:829)
[stacktrace]
#0 F:\\OSPanel\\domains\\inv.metu.kz\\vendor\\laravel\\framework\\src\\Illuminate\\Database\\Connection.php(783): Illuminate\\Database\\Connection->runQueryCallback()
#1 F:\\OSPanel\\domains\\inv.metu.kz\\vendor\\laravel\\framework\\src\\Illuminate\\Database\\Connection.php(576): Illuminate\\Database\\Connection->run()
#2 F:\\OSPanel\\domains\\inv.metu.kz\\vendor\\laravel\\framework\\src\\Illuminate\\Database\\Schema\\Blueprint.php(110): Illuminate\\Database\\Connection->statement()
#3 F:\\OSPanel\\domains\\inv.metu.kz\\vendor\\laravel\\framework\\src\\Illuminate\\Database\\Schema\\Builder.php(602): Illuminate\\Database\\Schema\\Blueprint->build()
#4 F:\\OSPanel\\domains\\inv.metu.kz\\vendor\\laravel\\framework\\src\\Illuminate\\Database\\Schema\\Builder.php(456): Illuminate\\Database\\Schema\\Builder->build()
#5 F:\\OSPanel\\domains\\inv.metu.kz\\vendor\\laravel\\framework\\src\\Illuminate\\Support\\Facades\\Facade.php(355): Illuminate\\Database\\Schema\\Builder->create()
#6 F:\\OSPanel\\domains\\inv.metu.kz\\database\\migrations\\2024_04_12_164125_create_token_table.php(14): Illuminate\\Support\\Facades\\Facade::__callStatic()
#7 F:\\OSPanel\\domains\\inv.metu.kz\\vendor\\laravel\\framework\\src\\Illuminate\\Database\\Migrations\\Migrator.php(493): Illuminate\\Database\\Migrations\\Migration@anonymous->up()
#8 F:\\OSPanel\\domains\\inv.metu.kz\\vendor\\laravel\\framework\\src\\Illuminate\\Database\\Migrations\\Migrator.php(410): Illuminate\\Database\\Migrations\\Migrator->runMethod()
#9 F:\\OSPanel\\domains\\inv.metu.kz\\vendor\\laravel\\framework\\src\\Illuminate\\Database\\Migrations\\Migrator.php(419): Illuminate\\Database\\Migrations\\Migrator->Illuminate\\Database\\Migrations\\{closure}()
#10 F:\\OSPanel\\domains\\inv.metu.kz\\vendor\\laravel\\framework\\src\\Illuminate\\Database\\Migrations\\Migrator.php(216): Illuminate\\Database\\Migrations\\Migrator->runMigration()
#11 F:\\OSPanel\\domains\\inv.metu.kz\\vendor\\laravel\\framework\\src\\Illuminate\\Console\\View\\Components\\Task.php(37): Illuminate\\Database\\Migrations\\Migrator->Illuminate\\Database\\Migrations\\{closure}()
#12 F:\\OSPanel\\domains\\inv.metu.kz\\vendor\\laravel\\framework\\src\\Illuminate\\Database\\Migrations\\Migrator.php(756): Illuminate\\Console\\View\\Components\\Task->render()
#13 F:\\OSPanel\\domains\\inv.metu.kz\\vendor\\laravel\\framework\\src\\Illuminate\\Database\\Migrations\\Migrator.php(216): Illuminate\\Database\\Migrations\\Migrator->write()
#14 F:\\OSPanel\\domains\\inv.metu.kz\\vendor\\laravel\\framework\\src\\Illuminate\\Database\\Migrations\\Migrator.php(181): Illuminate\\Database\\Migrations\\Migrator->runUp()
#15 F:\\OSPanel\\domains\\inv.metu.kz\\vendor\\laravel\\framework\\src\\Illuminate\\Database\\Migrations\\Migrator.php(124): Illuminate\\Database\\Migrations\\Migrator->runPending()
#16 F:\\OSPanel\\domains\\inv.metu.kz\\vendor\\laravel\\framework\\src\\Illuminate\\Database\\Console\\Migrations\\MigrateCommand.php(90): Illuminate\\Database\\Migrations\\Migrator->run()
#17 F:\\OSPanel\\domains\\inv.metu.kz\\vendor\\laravel\\framework\\src\\Illuminate\\Database\\Migrations\\Migrator.php(633): Illuminate\\Database\\Console\\Migrations\\MigrateCommand->Illuminate\\Database\\Console\\Migrations\\{closure}()
#18 F:\\OSPanel\\domains\\inv.metu.kz\\vendor\\laravel\\framework\\src\\Illuminate\\Database\\Console\\Migrations\\MigrateCommand.php(83): Illuminate\\Database\\Migrations\\Migrator->usingConnection()
#19 F:\\OSPanel\\domains\\inv.metu.kz\\vendor\\laravel\\framework\\src\\Illuminate\\Container\\BoundMethod.php(36): Illuminate\\Database\\Console\\Migrations\\MigrateCommand->handle()
#20 F:\\OSPanel\\domains\\inv.metu.kz\\vendor\\laravel\\framework\\src\\Illuminate\\Container\\Util.php(41): Illuminate\\Container\\BoundMethod::Illuminate\\Container\\{closure}()
#21 F:\\OSPanel\\domains\\inv.metu.kz\\vendor\\laravel\\framework\\src\\Illuminate\\Container\\BoundMethod.php(93): Illuminate\\Container\\Util::unwrapIfClosure()
#22 F:\\OSPanel\\domains\\inv.metu.kz\\vendor\\laravel\\framework\\src\\Illuminate\\Container\\BoundMethod.php(35): Illuminate\\Container\\BoundMethod::callBoundMethod()
#23 F:\\OSPanel\\domains\\inv.metu.kz\\vendor\\laravel\\framework\\src\\Illuminate\\Container\\Container.php(662): Illuminate\\Container\\BoundMethod::call()
#24 F:\\OSPanel\\domains\\inv.metu.kz\\vendor\\laravel\\framework\\src\\Illuminate\\Console\\Command.php(211): Illuminate\\Container\\Container->call()
#25 F:\\OSPanel\\domains\\inv.metu.kz\\vendor\\symfony\\console\\Command\\Command.php(326): Illuminate\\Console\\Command->execute()
#26 F:\\OSPanel\\domains\\inv.metu.kz\\vendor\\laravel\\framework\\src\\Illuminate\\Console\\Command.php(180): Symfony\\Component\\Console\\Command\\Command->run()
#27 F:\\OSPanel\\domains\\inv.metu.kz\\vendor\\symfony\\console\\Application.php(1096): Illuminate\\Console\\Command->run()
#28 F:\\OSPanel\\domains\\inv.metu.kz\\vendor\\symfony\\console\\Application.php(324): Symfony\\Component\\Console\\Application->doRunCommand()
#29 F:\\OSPanel\\domains\\inv.metu.kz\\vendor\\symfony\\console\\Application.php(175): Symfony\\Component\\Console\\Application->doRun()
#30 F:\\OSPanel\\domains\\inv.metu.kz\\vendor\\laravel\\framework\\src\\Illuminate\\Foundation\\Console\\Kernel.php(201): Symfony\\Component\\Console\\Application->run()
#31 F:\\OSPanel\\domains\\inv.metu.kz\\artisan(35): Illuminate\\Foundation\\Console\\Kernel->handle()
#32 {main}

[previous exception] [object] (PDOException(code: 42S01): SQLSTATE[42S01]: Base table or view already exists: 1050 Table 'token' already exists at F:\\OSPanel\\domains\\inv.metu.kz\\vendor\\laravel\\framework\\src\\Illuminate\\Database\\Connection.php:587)
[stacktrace]
#0 F:\\OSPanel\\domains\\inv.metu.kz\\vendor\\laravel\\framework\\src\\Illuminate\\Database\\Connection.php(587): PDOStatement->execute()
#1 F:\\OSPanel\\domains\\inv.metu.kz\\vendor\\laravel\\framework\\src\\Illuminate\\Database\\Connection.php(816): Illuminate\\Database\\Connection->Illuminate\\Database\\{closure}()
#2 F:\\OSPanel\\domains\\inv.metu.kz\\vendor\\laravel\\framework\\src\\Illuminate\\Database\\Connection.php(783): Illuminate\\Database\\Connection->runQueryCallback()
#3 F:\\OSPanel\\domains\\inv.metu.kz\\vendor\\laravel\\framework\\src\\Illuminate\\Database\\Connection.php(576): Illuminate\\Database\\Connection->run()
#4 F:\\OSPanel\\domains\\inv.metu.kz\\vendor\\laravel\\framework\\src\\Illuminate\\Database\\Schema\\Blueprint.php(110): Illuminate\\Database\\Connection->statement()
#5 F:\\OSPanel\\domains\\inv.metu.kz\\vendor\\laravel\\framework\\src\\Illuminate\\Database\\Schema\\Builder.php(602): Illuminate\\Database\\Schema\\Blueprint->build()
#6 F:\\OSPanel\\domains\\inv.metu.kz\\vendor\\laravel\\framework\\src\\Illuminate\\Database\\Schema\\Builder.php(456): Illuminate\\Database\\Schema\\Builder->build()
#7 F:\\OSPanel\\domains\\inv.metu.kz\\vendor\\laravel\\framework\\src\\Illuminate\\Support\\Facades\\Facade.php(355): Illuminate\\Database\\Schema\\Builder->create()
#8 F:\\OSPanel\\domains\\inv.metu.kz\\database\\migrations\\2024_04_12_164125_create_token_table.php(14): Illuminate\\Support\\Facades\\Facade::__callStatic()
#9 F:\\OSPanel\\domains\\inv.metu.kz\\vendor\\laravel\\framework\\src\\Illuminate\\Database\\Migrations\\Migrator.php(493): Illuminate\\Database\\Migrations\\Migration@anonymous->up()
#10 F:\\OSPanel\\domains\\inv.metu.kz\\vendor\\laravel\\framework\\src\\Illuminate\\Database\\Migrations\\Migrator.php(410): Illuminate\\Database\\Migrations\\Migrator->runMethod()
#11 F:\\OSPanel\\domains\\inv.metu.kz\\vendor\\laravel\\framework\\src\\Illuminate\\Database\\Migrations\\Migrator.php(419): Illuminate\\Database\\Migrations\\Migrator->Illuminate\\Database\\Migrations\\{closure}()
#12 F:\\OSPanel\\domains\\inv.metu.kz\\vendor\\laravel\\framework\\src\\Illuminate\\Database\\Migrations\\Migrator.php(216): Illuminate\\Database\\Migrations\\Migrator->runMigration()
#13 F:\\OSPanel\\domains\\inv.metu.kz\\vendor\\laravel\\framework\\src\\Illuminate\\Console\\View\\Components\\Task.php(37): Illuminate\\Database\\Migrations\\Migrator->Illuminate\\Database\\Migrations\\{closure}()
#14 F:\\OSPanel\\domains\\inv.metu.kz\\vendor\\laravel\\framework\\src\\Illuminate\\Database\\Migrations\\Migrator.php(756): Illuminate\\Console\\View\\Components\\Task->render()
#15 F:\\OSPanel\\domains\\inv.metu.kz\\vendor\\laravel\\framework\\src\\Illuminate\\Database\\Migrations\\Migrator.php(216): Illuminate\\Database\\Migrations\\Migrator->write()
#16 F:\\OSPanel\\domains\\inv.metu.kz\\vendor\\laravel\\framework\\src\\Illuminate\\Database\\Migrations\\Migrator.php(181): Illuminate\\Database\\Migrations\\Migrator->runUp()
#17 F:\\OSPanel\\domains\\inv.metu.kz\\vendor\\laravel\\framework\\src\\Illuminate\\Database\\Migrations\\Migrator.php(124): Illuminate\\Database\\Migrations\\Migrator->runPending()
#18 F:\\OSPanel\\domains\\inv.metu.kz\\vendor\\laravel\\framework\\src\\Illuminate\\Database\\Console\\Migrations\\MigrateCommand.php(90): Illuminate\\Database\\Migrations\\Migrator->run()
#19 F:\\OSPanel\\domains\\inv.metu.kz\\vendor\\laravel\\framework\\src\\Illuminate\\Database\\Migrations\\Migrator.php(633): Illuminate\\Database\\Console\\Migrations\\MigrateCommand->Illuminate\\Database\\Console\\Migrations\\{closure}()
#20 F:\\OSPanel\\domains\\inv.metu.kz\\vendor\\laravel\\framework\\src\\Illuminate\\Database\\Console\\Migrations\\MigrateCommand.php(83): Illuminate\\Database\\Migrations\\Migrator->usingConnection()
#21 F:\\OSPanel\\domains\\inv.metu.kz\\vendor\\laravel\\framework\\src\\Illuminate\\Container\\BoundMethod.php(36): Illuminate\\Database\\Console\\Migrations\\MigrateCommand->handle()
#22 F:\\OSPanel\\domains\\inv.metu.kz\\vendor\\laravel\\framework\\src\\Illuminate\\Container\\Util.php(41): Illuminate\\Container\\BoundMethod::Illuminate\\Container\\{closure}()
#23 F:\\OSPanel\\domains\\inv.metu.kz\\vendor\\laravel\\framework\\src\\Illuminate\\Container\\BoundMethod.php(93): Illuminate\\Container\\Util::unwrapIfClosure()
#24 F:\\OSPanel\\domains\\inv.metu.kz\\vendor\\laravel\\framework\\src\\Illuminate\\Container\\BoundMethod.php(35): Illuminate\\Container\\BoundMethod::callBoundMethod()
#25 F:\\OSPanel\\domains\\inv.metu.kz\\vendor\\laravel\\framework\\src\\Illuminate\\Container\\Container.php(662): Illuminate\\Container\\BoundMethod::call()
#26 F:\\OSPanel\\domains\\inv.metu.kz\\vendor\\laravel\\framework\\src\\Illuminate\\Console\\Command.php(211): Illuminate\\Container\\Container->call()
#27 F:\\OSPanel\\domains\\inv.metu.kz\\vendor\\symfony\\console\\Command\\Command.php(326): Illuminate\\Console\\Command->execute()
#28 F:\\OSPanel\\domains\\inv.metu.kz\\vendor\\laravel\\framework\\src\\Illuminate\\Console\\Command.php(180): Symfony\\Component\\Console\\Command\\Command->run()
#29 F:\\OSPanel\\domains\\inv.metu.kz\\vendor\\symfony\\console\\Application.php(1096): Illuminate\\Console\\Command->run()
#30 F:\\OSPanel\\domains\\inv.metu.kz\\vendor\\symfony\\console\\Application.php(324): Symfony\\Component\\Console\\Application->doRunCommand()
#31 F:\\OSPanel\\domains\\inv.metu.kz\\vendor\\symfony\\console\\Application.php(175): Symfony\\Component\\Console\\Application->doRun()
#32 F:\\OSPanel\\domains\\inv.metu.kz\\vendor\\laravel\\framework\\src\\Illuminate\\Foundation\\Console\\Kernel.php(201): Symfony\\Component\\Console\\Application->run()
#33 F:\\OSPanel\\domains\\inv.metu.kz\\artisan(35): Illuminate\\Foundation\\Console\\Kernel->handle()
#34 {main}
"} 
[2026-06-15 18:10:34] local.ERROR: SQLSTATE[42S02]: Base table or view not found: 1146 Table 'invertory.roles' doesn't exist (Connection: mysql, SQL: select * from `roles` where (`name` = admin) limit 1) {"exception":"[object] (Illuminate\\Database\\QueryException(code: 42S02): SQLSTATE[42S02]: Base table or view not found: 1146 Table 'invertory.roles' doesn't exist (Connection: mysql, SQL: select * from `roles` where (`name` = admin) limit 1) at F:\\OSPanel\\domains\\inv.metu.kz\\vendor\\laravel\\framework\\src\\Illuminate\\Database\\Connection.php:829)
[stacktrace]
#0 F:\\OSPanel\\domains\\inv.metu.kz\\vendor\\laravel\\framework\\src\\Illuminate\\Database\\Connection.php(783): Illuminate\\Database\\Connection->runQueryCallback()
#1 F:\\OSPanel\\domains\\inv.metu.kz\\vendor\\laravel\\framework\\src\\Illuminate\\Database\\Connection.php(414): Illuminate\\Database\\Connection->run()
#2 F:\\OSPanel\\domains\\inv.metu.kz\\vendor\\laravel\\framework\\src\\Illuminate\\Database\\Query\\Builder.php(2913): Illuminate\\Database\\Connection->select()
#3 F:\\OSPanel\\domains\\inv.metu.kz\\vendor\\laravel\\framework\\src\\Illuminate\\Database\\Query\\Builder.php(2902): Illuminate\\Database\\Query\\Builder->runSelect()
#4 F:\\OSPanel\\domains\\inv.metu.kz\\vendor\\laravel\\framework\\src\\Illuminate\\Database\\Query\\Builder.php(3456): Illuminate\\Database\\Query\\Builder->Illuminate\\Database\\Query\\{closure}()
#5 F:\\OSPanel\\domains\\inv.metu.kz\\vendor\\laravel\\framework\\src\\Illuminate\\Database\\Query\\Builder.php(2901): Illuminate\\Database\\Query\\Builder->onceWithColumns()
#6 F:\\OSPanel\\domains\\inv.metu.kz\\vendor\\laravel\\framework\\src\\Illuminate\\Database\\Eloquent\\Builder.php(739): Illuminate\\Database\\Query\\Builder->get()
#7 F:\\OSPanel\\domains\\inv.metu.kz\\vendor\\laravel\\framework\\src\\Illuminate\\Database\\Eloquent\\Builder.php(723): Illuminate\\Database\\Eloquent\\Builder->getModels()
#8 F:\\OSPanel\\domains\\inv.metu.kz\\vendor\\laravel\\framework\\src\\Illuminate\\Database\\Concerns\\BuildsQueries.php(333): Illuminate\\Database\\Eloquent\\Builder->get()
#9 F:\\OSPanel\\domains\\inv.metu.kz\\vendor\\laravel\\framework\\src\\Illuminate\\Database\\Eloquent\\Builder.php(568): Illuminate\\Database\\Eloquent\\Builder->first()
#10 F:\\OSPanel\\domains\\inv.metu.kz\\vendor\\laravel\\framework\\src\\Illuminate\\Support\\Traits\\ForwardsCalls.php(23): Illuminate\\Database\\Eloquent\\Builder->firstOrCreate()
#11 F:\\OSPanel\\domains\\inv.metu.kz\\vendor\\laravel\\framework\\src\\Illuminate\\Database\\Eloquent\\Model.php(2335): Illuminate\\Database\\Eloquent\\Model->forwardCallTo()
#12 F:\\OSPanel\\domains\\inv.metu.kz\\vendor\\laravel\\framework\\src\\Illuminate\\Database\\Eloquent\\Model.php(2347): Illuminate\\Database\\Eloquent\\Model->__call()
#13 F:\\OSPanel\\domains\\inv.metu.kz\\database\\seeders\\RoleAndPermissionSeeder.php(19): Illuminate\\Database\\Eloquent\\Model::__callStatic()
#14 F:\\OSPanel\\domains\\inv.metu.kz\\vendor\\laravel\\framework\\src\\Illuminate\\Container\\BoundMethod.php(36): Database\\Seeders\\RoleAndPermissionSeeder->run()
#15 F:\\OSPanel\\domains\\inv.metu.kz\\vendor\\laravel\\framework\\src\\Illuminate\\Container\\Util.php(41): Illuminate\\Container\\BoundMethod::Illuminate\\Container\\{closure}()
#16 F:\\OSPanel\\domains\\inv.metu.kz\\vendor\\laravel\\framework\\src\\Illuminate\\Container\\BoundMethod.php(93): Illuminate\\Container\\Util::unwrapIfClosure()
#17 F:\\OSPanel\\domains\\inv.metu.kz\\vendor\\laravel\\framework\\src\\Illuminate\\Container\\BoundMethod.php(35): Illuminate\\Container\\BoundMethod::callBoundMethod()
#18 F:\\OSPanel\\domains\\inv.metu.kz\\vendor\\laravel\\framework\\src\\Illuminate\\Container\\Container.php(662): Illuminate\\Container\\BoundMethod::call()
#19 F:\\OSPanel\\domains\\inv.metu.kz\\vendor\\laravel\\framework\\src\\Illuminate\\Database\\Seeder.php(184): Illuminate\\Container\\Container->call()
#20 F:\\OSPanel\\domains\\inv.metu.kz\\vendor\\laravel\\framework\\src\\Illuminate\\Database\\Seeder.php(193): Illuminate\\Database\\Seeder->Illuminate\\Database\\{closure}()
#21 F:\\OSPanel\\domains\\inv.metu.kz\\vendor\\laravel\\framework\\src\\Illuminate\\Database\\Console\\Seeds\\SeedCommand.php(70): Illuminate\\Database\\Seeder->__invoke()
#22 F:\\OSPanel\\domains\\inv.metu.kz\\vendor\\laravel\\framework\\src\\Illuminate\\Database\\Eloquent\\Concerns\\GuardsAttributes.php(155): Illuminate\\Database\\Console\\Seeds\\SeedCommand->Illuminate\\Database\\Console\\Seeds\\{closure}()
#23 F:\\OSPanel\\domains\\inv.metu.kz\\vendor\\laravel\\framework\\src\\Illuminate\\Database\\Console\\Seeds\\SeedCommand.php(69): Illuminate\\Database\\Eloquent\\Model::unguarded()
#24 F:\\OSPanel\\domains\\inv.metu.kz\\vendor\\laravel\\framework\\src\\Illuminate\\Container\\BoundMethod.php(36): Illuminate\\Database\\Console\\Seeds\\SeedCommand->handle()
#25 F:\\OSPanel\\domains\\inv.metu.kz\\vendor\\laravel\\framework\\src\\Illuminate\\Container\\Util.php(41): Illuminate\\Container\\BoundMethod::Illuminate\\Container\\{closure}()
#26 F:\\OSPanel\\domains\\inv.metu.kz\\vendor\\laravel\\framework\\src\\Illuminate\\Container\\BoundMethod.php(93): Illuminate\\Container\\Util::unwrapIfClosure()
#27 F:\\OSPanel\\domains\\inv.metu.kz\\vendor\\laravel\\framework\\src\\Illuminate\\Container\\BoundMethod.php(35): Illuminate\\Container\\BoundMethod::callBoundMethod()
#28 F:\\OSPanel\\domains\\inv.metu.kz\\vendor\\laravel\\framework\\src\\Illuminate\\Container\\Container.php(662): Illuminate\\Container\\BoundMethod::call()
#29 F:\\OSPanel\\domains\\inv.metu.kz\\vendor\\laravel\\framework\\src\\Illuminate\\Console\\Command.php(211): Illuminate\\Container\\Container->call()
#30 F:\\OSPanel\\domains\\inv.metu.kz\\vendor\\symfony\\console\\Command\\Command.php(326): Illuminate\\Console\\Command->execute()
#31 F:\\OSPanel\\domains\\inv.metu.kz\\vendor\\laravel\\framework\\src\\Illuminate\\Console\\Command.php(180): Symfony\\Component\\Console\\Command\\Command->run()
#32 F:\\OSPanel\\domains\\inv.metu.kz\\vendor\\symfony\\console\\Application.php(1096): Illuminate\\Console\\Command->run()
#33 F:\\OSPanel\\domains\\inv.metu.kz\\vendor\\symfony\\console\\Application.php(324): Symfony\\Component\\Console\\Application->doRunCommand()
#34 F:\\OSPanel\\domains\\inv.metu.kz\\vendor\\symfony\\console\\Application.php(175): Symfony\\Component\\Console\\Application->doRun()
#35 F:\\OSPanel\\domains\\inv.metu.kz\\vendor\\laravel\\framework\\src\\Illuminate\\Foundation\\Console\\Kernel.php(201): Symfony\\Component\\Console\\Application->run()
#36 F:\\OSPanel\\domains\\inv.metu.kz\\artisan(35): Illuminate\\Foundation\\Console\\Kernel->handle()
#37 {main}

[previous exception] [object] (PDOException(code: 42S02): SQLSTATE[42S02]: Base table or view not found: 1146 Table 'invertory.roles' doesn't exist at F:\\OSPanel\\domains\\inv.metu.kz\\vendor\\laravel\\framework\\src\\Illuminate\\Database\\Connection.php:423)
[stacktrace]
#0 F:\\OSPanel\\domains\\inv.metu.kz\\vendor\\laravel\\framework\\src\\Illuminate\\Database\\Connection.php(423): PDO->prepare()
#1 F:\\OSPanel\\domains\\inv.metu.kz\\vendor\\laravel\\framework\\src\\Illuminate\\Database\\Connection.php(816): Illuminate\\Database\\Connection->Illuminate\\Database\\{closure}()
#2 F:\\OSPanel\\domains\\inv.metu.kz\\vendor\\laravel\\framework\\src\\Illuminate\\Database\\Connection.php(783): Illuminate\\Database\\Connection->runQueryCallback()
#3 F:\\OSPanel\\domains\\inv.metu.kz\\vendor\\laravel\\framework\\src\\Illuminate\\Database\\Connection.php(414): Illuminate\\Database\\Connection->run()
#4 F:\\OSPanel\\domains\\inv.metu.kz\\vendor\\laravel\\framework\\src\\Illuminate\\Database\\Query\\Builder.php(2913): Illuminate\\Database\\Connection->select()
#5 F:\\OSPanel\\domains\\inv.metu.kz\\vendor\\laravel\\framework\\src\\Illuminate\\Database\\Query\\Builder.php(2902): Illuminate\\Database\\Query\\Builder->runSelect()
#6 F:\\OSPanel\\domains\\inv.metu.kz\\vendor\\laravel\\framework\\src\\Illuminate\\Database\\Query\\Builder.php(3456): Illuminate\\Database\\Query\\Builder->Illuminate\\Database\\Query\\{closure}()
#7 F:\\OSPanel\\domains\\inv.metu.kz\\vendor\\laravel\\framework\\src\\Illuminate\\Database\\Query\\Builder.php(2901): Illuminate\\Database\\Query\\Builder->onceWithColumns()
#8 F:\\OSPanel\\domains\\inv.metu.kz\\vendor\\laravel\\framework\\src\\Illuminate\\Database\\Eloquent\\Builder.php(739): Illuminate\\Database\\Query\\Builder->get()
#9 F:\\OSPanel\\domains\\inv.metu.kz\\vendor\\laravel\\framework\\src\\Illuminate\\Database\\Eloquent\\Builder.php(723): Illuminate\\Database\\Eloquent\\Builder->getModels()
#10 F:\\OSPanel\\domains\\inv.metu.kz\\vendor\\laravel\\framework\\src\\Illuminate\\Database\\Concerns\\BuildsQueries.php(333): Illuminate\\Database\\Eloquent\\Builder->get()
#11 F:\\OSPanel\\domains\\inv.metu.kz\\vendor\\laravel\\framework\\src\\Illuminate\\Database\\Eloquent\\Builder.php(568): Illuminate\\Database\\Eloquent\\Builder->first()
#12 F:\\OSPanel\\domains\\inv.metu.kz\\vendor\\laravel\\framework\\src\\Illuminate\\Support\\Traits\\ForwardsCalls.php(23): Illuminate\\Database\\Eloquent\\Builder->firstOrCreate()
#13 F:\\OSPanel\\domains\\inv.metu.kz\\vendor\\laravel\\framework\\src\\Illuminate\\Database\\Eloquent\\Model.php(2335): Illuminate\\Database\\Eloquent\\Model->forwardCallTo()
#14 F:\\OSPanel\\domains\\inv.metu.kz\\vendor\\laravel\\framework\\src\\Illuminate\\Database\\Eloquent\\Model.php(2347): Illuminate\\Database\\Eloquent\\Model->__call()
#15 F:\\OSPanel\\domains\\inv.metu.kz\\database\\seeders\\RoleAndPermissionSeeder.php(19): Illuminate\\Database\\Eloquent\\Model::__callStatic()
#16 F:\\OSPanel\\domains\\inv.metu.kz\\vendor\\laravel\\framework\\src\\Illuminate\\Container\\BoundMethod.php(36): Database\\Seeders\\RoleAndPermissionSeeder->run()
#17 F:\\OSPanel\\domains\\inv.metu.kz\\vendor\\laravel\\framework\\src\\Illuminate\\Container\\Util.php(41): Illuminate\\Container\\BoundMethod::Illuminate\\Container\\{closure}()
#18 F:\\OSPanel\\domains\\inv.metu.kz\\vendor\\laravel\\framework\\src\\Illuminate\\Container\\BoundMethod.php(93): Illuminate\\Container\\Util::unwrapIfClosure()
#19 F:\\OSPanel\\domains\\inv.metu.kz\\vendor\\laravel\\framework\\src\\Illuminate\\Container\\BoundMethod.php(35): Illuminate\\Container\\BoundMethod::callBoundMethod()
#20 F:\\OSPanel\\domains\\inv.metu.kz\\vendor\\laravel\\framework\\src\\Illuminate\\Container\\Container.php(662): Illuminate\\Container\\BoundMethod::call()
#21 F:\\OSPanel\\domains\\inv.metu.kz\\vendor\\laravel\\framework\\src\\Illuminate\\Database\\Seeder.php(184): Illuminate\\Container\\Container->call()
#22 F:\\OSPanel\\domains\\inv.metu.kz\\vendor\\laravel\\framework\\src\\Illuminate\\Database\\Seeder.php(193): Illuminate\\Database\\Seeder->Illuminate\\Database\\{closure}()
#23 F:\\OSPanel\\domains\\inv.metu.kz\\vendor\\laravel\\framework\\src\\Illuminate\\Database\\Console\\Seeds\\SeedCommand.php(70): Illuminate\\Database\\Seeder->__invoke()
#24 F:\\OSPanel\\domains\\inv.metu.kz\\vendor\\laravel\\framework\\src\\Illuminate\\Database\\Eloquent\\Concerns\\GuardsAttributes.php(155): Illuminate\\Database\\Console\\Seeds\\SeedCommand->Illuminate\\Database\\Console\\Seeds\\{closure}()
#25 F:\\OSPanel\\domains\\inv.metu.kz\\vendor\\laravel\\framework\\src\\Illuminate\\Database\\Console\\Seeds\\SeedCommand.php(69): Illuminate\\Database\\Eloquent\\Model::unguarded()
#26 F:\\OSPanel\\domains\\inv.metu.kz\\vendor\\laravel\\framework\\src\\Illuminate\\Container\\BoundMethod.php(36): Illuminate\\Database\\Console\\Seeds\\SeedCommand->handle()
#27 F:\\OSPanel\\domains\\inv.metu.kz\\vendor\\laravel\\framework\\src\\Illuminate\\Container\\Util.php(41): Illuminate\\Container\\BoundMethod::Illuminate\\Container\\{closure}()
#28 F:\\OSPanel\\domains\\inv.metu.kz\\vendor\\laravel\\framework\\src\\Illuminate\\Container\\BoundMethod.php(93): Illuminate\\Container\\Util::unwrapIfClosure()
#29 F:\\OSPanel\\domains\\inv.metu.kz\\vendor\\laravel\\framework\\src\\Illuminate\\Container\\BoundMethod.php(35): Illuminate\\Container\\BoundMethod::callBoundMethod()
#30 F:\\OSPanel\\domains\\inv.metu.kz\\vendor\\laravel\\framework\\src\\Illuminate\\Container\\Container.php(662): Illuminate\\Container\\BoundMethod::call()
#31 F:\\OSPanel\\domains\\inv.metu.kz\\vendor\\laravel\\framework\\src\\Illuminate\\Console\\Command.php(211): Illuminate\\Container\\Container->call()
#32 F:\\OSPanel\\domains\\inv.metu.kz\\vendor\\symfony\\console\\Command\\Command.php(326): Illuminate\\Console\\Command->execute()
#33 F:\\OSPanel\\domains\\inv.metu.kz\\vendor\\laravel\\framework\\src\\Illuminate\\Console\\Command.php(180): Symfony\\Component\\Console\\Command\\Command->run()
#34 F:\\OSPanel\\domains\\inv.metu.kz\\vendor\\symfony\\console\\Application.php(1096): Illuminate\\Console\\Command->run()
#35 F:\\OSPanel\\domains\\inv.metu.kz\\vendor\\symfony\\console\\Application.php(324): Symfony\\Component\\Console\\Application->doRunCommand()
#36 F:\\OSPanel\\domains\\inv.metu.kz\\vendor\\symfony\\console\\Application.php(175): Symfony\\Component\\Console\\Application->doRun()
#37 F:\\OSPanel\\domains\\inv.metu.kz\\vendor\\laravel\\framework\\src\\Illuminate\\Foundation\\Console\\Kernel.php(201): Symfony\\Component\\Console\\Application->run()
#38 F:\\OSPanel\\domains\\inv.metu.kz\\artisan(35): Illuminate\\Foundation\\Console\\Kernel->handle()
#39 {main}
"} 
[2026-06-15 18:10:50] local.ERROR: SQLSTATE[42S02]: Base table or view not found: 1146 Table 'nitro.model_has_roles' doesn't exist (Connection: mysql_platonus, SQL: select `roles`.*, `model_has_roles`.`model_id` as `pivot_model_id`, `model_has_roles`.`role_id` as `pivot_role_id`, `model_has_roles`.`model_type` as `pivot_model_type` from `roles` inner join `model_has_roles` on `roles`.`id` = `model_has_roles`.`role_id` where `model_has_roles`.`model_id` in (347) and `model_has_roles`.`model_type` = App\Models\User) {"exception":"[object] (Illuminate\\Database\\QueryException(code: 42S02): SQLSTATE[42S02]: Base table or view not found: 1146 Table 'nitro.model_has_roles' doesn't exist (Connection: mysql_platonus, SQL: select `roles`.*, `model_has_roles`.`model_id` as `pivot_model_id`, `model_has_roles`.`role_id` as `pivot_role_id`, `model_has_roles`.`model_type` as `pivot_model_type` from `roles` inner join `model_has_roles` on `roles`.`id` = `model_has_roles`.`role_id` where `model_has_roles`.`model_id` in (347) and `model_has_roles`.`model_type` = App\\Models\\User) at F:\\OSPanel\\domains\\inv.metu.kz\\vendor\\laravel\\framework\\src\\Illuminate\\Database\\Connection.php:829)
[stacktrace]
#0 F:\\OSPanel\\domains\\inv.metu.kz\\vendor\\laravel\\framework\\src\\Illuminate\\Database\\Connection.php(783): Illuminate\\Database\\Connection->runQueryCallback()
#1 F:\\OSPanel\\domains\\inv.metu.kz\\vendor\\laravel\\framework\\src\\Illuminate\\Database\\Connection.php(414): Illuminate\\Database\\Connection->run()
#2 F:\\OSPanel\\domains\\inv.metu.kz\\vendor\\laravel\\framework\\src\\Illuminate\\Database\\Query\\Builder.php(2913): Illuminate\\Database\\Connection->select()
#3 F:\\OSPanel\\domains\\inv.metu.kz\\vendor\\laravel\\framework\\src\\Illuminate\\Database\\Query\\Builder.php(2902): Illuminate\\Database\\Query\\Builder->runSelect()
#4 F:\\OSPanel\\domains\\inv.metu.kz\\vendor\\laravel\\framework\\src\\Illuminate\\Database\\Query\\Builder.php(3456): Illuminate\\Database\\Query\\Builder->Illuminate\\Database\\Query\\{closure}()
#5 F:\\OSPanel\\domains\\inv.metu.kz\\vendor\\laravel\\framework\\src\\Illuminate\\Database\\Query\\Builder.php(2901): Illuminate\\Database\\Query\\Builder->onceWithColumns()
#6 F:\\OSPanel\\domains\\inv.metu.kz\\vendor\\laravel\\framework\\src\\Illuminate\\Database\\Eloquent\\Builder.php(739): Illuminate\\Database\\Query\\Builder->get()
#7 F:\\OSPanel\\domains\\inv.metu.kz\\vendor\\laravel\\framework\\src\\Illuminate\\Database\\Eloquent\\Relations\\BelongsToMany.php(874): Illuminate\\Database\\Eloquent\\Builder->getModels()
#8 F:\\OSPanel\\domains\\inv.metu.kz\\vendor\\laravel\\framework\\src\\Illuminate\\Database\\Eloquent\\Relations\\Relation.php(166): Illuminate\\Database\\Eloquent\\Relations\\BelongsToMany->get()
#9 F:\\OSPanel\\domains\\inv.metu.kz\\vendor\\laravel\\framework\\src\\Illuminate\\Database\\Eloquent\\Builder.php(787): Illuminate\\Database\\Eloquent\\Relations\\Relation->getEager()
#10 F:\\OSPanel\\domains\\inv.metu.kz\\vendor\\laravel\\framework\\src\\Illuminate\\Database\\Eloquent\\Builder.php(756): Illuminate\\Database\\Eloquent\\Builder->eagerLoadRelation()
#11 F:\\OSPanel\\domains\\inv.metu.kz\\vendor\\laravel\\framework\\src\\Illuminate\\Database\\Eloquent\\Collection.php(68): Illuminate\\Database\\Eloquent\\Builder->eagerLoadRelations()
#12 F:\\OSPanel\\domains\\inv.metu.kz\\vendor\\laravel\\framework\\src\\Illuminate\\Database\\Eloquent\\Collection.php(237): Illuminate\\Database\\Eloquent\\Collection->load()
#13 F:\\OSPanel\\domains\\inv.metu.kz\\vendor\\laravel\\framework\\src\\Illuminate\\Database\\Eloquent\\Collection.php(214): Illuminate\\Database\\Eloquent\\Collection->loadMissingRelation()
#14 F:\\OSPanel\\domains\\inv.metu.kz\\vendor\\laravel\\framework\\src\\Illuminate\\Database\\Eloquent\\Model.php(740): Illuminate\\Database\\Eloquent\\Collection->loadMissing()
#15 F:\\OSPanel\\domains\\inv.metu.kz\\vendor\\spatie\\laravel-permission\\src\\Traits\\HasRoles.php(249): Illuminate\\Database\\Eloquent\\Model->loadMissing()
#16 F:\\OSPanel\\domains\\inv.metu.kz\\database\\seeders\\RoleAndPermissionSeeder.php(28): App\\Models\\User->hasRole()
#17 F:\\OSPanel\\domains\\inv.metu.kz\\vendor\\laravel\\framework\\src\\Illuminate\\Container\\BoundMethod.php(36): Database\\Seeders\\RoleAndPermissionSeeder->run()
#18 F:\\OSPanel\\domains\\inv.metu.kz\\vendor\\laravel\\framework\\src\\Illuminate\\Container\\Util.php(41): Illuminate\\Container\\BoundMethod::Illuminate\\Container\\{closure}()
#19 F:\\OSPanel\\domains\\inv.metu.kz\\vendor\\laravel\\framework\\src\\Illuminate\\Container\\BoundMethod.php(93): Illuminate\\Container\\Util::unwrapIfClosure()
#20 F:\\OSPanel\\domains\\inv.metu.kz\\vendor\\laravel\\framework\\src\\Illuminate\\Container\\BoundMethod.php(35): Illuminate\\Container\\BoundMethod::callBoundMethod()
#21 F:\\OSPanel\\domains\\inv.metu.kz\\vendor\\laravel\\framework\\src\\Illuminate\\Container\\Container.php(662): Illuminate\\Container\\BoundMethod::call()
#22 F:\\OSPanel\\domains\\inv.metu.kz\\vendor\\laravel\\framework\\src\\Illuminate\\Database\\Seeder.php(184): Illuminate\\Container\\Container->call()
#23 F:\\OSPanel\\domains\\inv.metu.kz\\vendor\\laravel\\framework\\src\\Illuminate\\Database\\Seeder.php(193): Illuminate\\Database\\Seeder->Illuminate\\Database\\{closure}()
#24 F:\\OSPanel\\domains\\inv.metu.kz\\vendor\\laravel\\framework\\src\\Illuminate\\Database\\Console\\Seeds\\SeedCommand.php(70): Illuminate\\Database\\Seeder->__invoke()
#25 F:\\OSPanel\\domains\\inv.metu.kz\\vendor\\laravel\\framework\\src\\Illuminate\\Database\\Eloquent\\Concerns\\GuardsAttributes.php(155): Illuminate\\Database\\Console\\Seeds\\SeedCommand->Illuminate\\Database\\Console\\Seeds\\{closure}()
#26 F:\\OSPanel\\domains\\inv.metu.kz\\vendor\\laravel\\framework\\src\\Illuminate\\Database\\Console\\Seeds\\SeedCommand.php(69): Illuminate\\Database\\Eloquent\\Model::unguarded()
#27 F:\\OSPanel\\domains\\inv.metu.kz\\vendor\\laravel\\framework\\src\\Illuminate\\Container\\BoundMethod.php(36): Illuminate\\Database\\Console\\Seeds\\SeedCommand->handle()
#28 F:\\OSPanel\\domains\\inv.metu.kz\\vendor\\laravel\\framework\\src\\Illuminate\\Container\\Util.php(41): Illuminate\\Container\\BoundMethod::Illuminate\\Container\\{closure}()
#29 F:\\OSPanel\\domains\\inv.metu.kz\\vendor\\laravel\\framework\\src\\Illuminate\\Container\\BoundMethod.php(93): Illuminate\\Container\\Util::unwrapIfClosure()
#30 F:\\OSPanel\\domains\\inv.metu.kz\\vendor\\laravel\\framework\\src\\Illuminate\\Container\\BoundMethod.php(35): Illuminate\\Container\\BoundMethod::callBoundMethod()
#31 F:\\OSPanel\\domains\\inv.metu.kz\\vendor\\laravel\\framework\\src\\Illuminate\\Container\\Container.php(662): Illuminate\\Container\\BoundMethod::call()
#32 F:\\OSPanel\\domains\\inv.metu.kz\\vendor\\laravel\\framework\\src\\Illuminate\\Console\\Command.php(211): Illuminate\\Container\\Container->call()
#33 F:\\OSPanel\\domains\\inv.metu.kz\\vendor\\symfony\\console\\Command\\Command.php(326): Illuminate\\Console\\Command->execute()
#34 F:\\OSPanel\\domains\\inv.metu.kz\\vendor\\laravel\\framework\\src\\Illuminate\\Console\\Command.php(180): Symfony\\Component\\Console\\Command\\Command->run()
#35 F:\\OSPanel\\domains\\inv.metu.kz\\vendor\\symfony\\console\\Application.php(1096): Illuminate\\Console\\Command->run()
#36 F:\\OSPanel\\domains\\inv.metu.kz\\vendor\\symfony\\console\\Application.php(324): Symfony\\Component\\Console\\Application->doRunCommand()
#37 F:\\OSPanel\\domains\\inv.metu.kz\\vendor\\symfony\\console\\Application.php(175): Symfony\\Component\\Console\\Application->doRun()
#38 F:\\OSPanel\\domains\\inv.metu.kz\\vendor\\laravel\\framework\\src\\Illuminate\\Foundation\\Console\\Kernel.php(201): Symfony\\Component\\Console\\Application->run()
#39 F:\\OSPanel\\domains\\inv.metu.kz\\artisan(35): Illuminate\\Foundation\\Console\\Kernel->handle()
#40 {main}

[previous exception] [object] (PDOException(code: 42S02): SQLSTATE[42S02]: Base table or view not found: 1146 Table 'nitro.model_has_roles' doesn't exist at F:\\OSPanel\\domains\\inv.metu.kz\\vendor\\laravel\\framework\\src\\Illuminate\\Database\\Connection.php:423)
[stacktrace]
#0 F:\\OSPanel\\domains\\inv.metu.kz\\vendor\\laravel\\framework\\src\\Illuminate\\Database\\Connection.php(423): PDO->prepare()
#1 F:\\OSPanel\\domains\\inv.metu.kz\\vendor\\laravel\\framework\\src\\Illuminate\\Database\\Connection.php(816): Illuminate\\Database\\Connection->Illuminate\\Database\\{closure}()
#2 F:\\OSPanel\\domains\\inv.metu.kz\\vendor\\laravel\\framework\\src\\Illuminate\\Database\\Connection.php(783): Illuminate\\Database\\Connection->runQueryCallback()
#3 F:\\OSPanel\\domains\\inv.metu.kz\\vendor\\laravel\\framework\\src\\Illuminate\\Database\\Connection.php(414): Illuminate\\Database\\Connection->run()
#4 F:\\OSPanel\\domains\\inv.metu.kz\\vendor\\laravel\\framework\\src\\Illuminate\\Database\\Query\\Builder.php(2913): Illuminate\\Database\\Connection->select()
#5 F:\\OSPanel\\domains\\inv.metu.kz\\vendor\\laravel\\framework\\src\\Illuminate\\Database\\Query\\Builder.php(2902): Illuminate\\Database\\Query\\Builder->runSelect()
#6 F:\\OSPanel\\domains\\inv.metu.kz\\vendor\\laravel\\framework\\src\\Illuminate\\Database\\Query\\Builder.php(3456): Illuminate\\Database\\Query\\Builder->Illuminate\\Database\\Query\\{closure}()
#7 F:\\OSPanel\\domains\\inv.metu.kz\\vendor\\laravel\\framework\\src\\Illuminate\\Database\\Query\\Builder.php(2901): Illuminate\\Database\\Query\\Builder->onceWithColumns()
#8 F:\\OSPanel\\domains\\inv.metu.kz\\vendor\\laravel\\framework\\src\\Illuminate\\Database\\Eloquent\\Builder.php(739): Illuminate\\Database\\Query\\Builder->get()
#9 F:\\OSPanel\\domains\\inv.metu.kz\\vendor\\laravel\\framework\\src\\Illuminate\\Database\\Eloquent\\Relations\\BelongsToMany.php(874): Illuminate\\Database\\Eloquent\\Builder->getModels()
#10 F:\\OSPanel\\domains\\inv.metu.kz\\vendor\\laravel\\framework\\src\\Illuminate\\Database\\Eloquent\\Relations\\Relation.php(166): Illuminate\\Database\\Eloquent\\Relations\\BelongsToMany->get()
#11 F:\\OSPanel\\domains\\inv.metu.kz\\vendor\\laravel\\framework\\src\\Illuminate\\Database\\Eloquent\\Builder.php(787): Illuminate\\Database\\Eloquent\\Relations\\Relation->getEager()
#12 F:\\OSPanel\\domains\\inv.metu.kz\\vendor\\laravel\\framework\\src\\Illuminate\\Database\\Eloquent\\Builder.php(756): Illuminate\\Database\\Eloquent\\Builder->eagerLoadRelation()
#13 F:\\OSPanel\\domains\\inv.metu.kz\\vendor\\laravel\\framework\\src\\Illuminate\\Database\\Eloquent\\Collection.php(68): Illuminate\\Database\\Eloquent\\Builder->eagerLoadRelations()
#14 F:\\OSPanel\\domains\\inv.metu.kz\\vendor\\laravel\\framework\\src\\Illuminate\\Database\\Eloquent\\Collection.php(237): Illuminate\\Database\\Eloquent\\Collection->load()
#15 F:\\OSPanel\\domains\\inv.metu.kz\\vendor\\laravel\\framework\\src\\Illuminate\\Database\\Eloquent\\Collection.php(214): Illuminate\\Database\\Eloquent\\Collection->loadMissingRelation()
#16 F:\\OSPanel\\domains\\inv.metu.kz\\vendor\\laravel\\framework\\src\\Illuminate\\Database\\Eloquent\\Model.php(740): Illuminate\\Database\\Eloquent\\Collection->loadMissing()
#17 F:\\OSPanel\\domains\\inv.metu.kz\\vendor\\spatie\\laravel-permission\\src\\Traits\\HasRoles.php(249): Illuminate\\Database\\Eloquent\\Model->loadMissing()
#18 F:\\OSPanel\\domains\\inv.metu.kz\\database\\seeders\\RoleAndPermissionSeeder.php(28): App\\Models\\User->hasRole()
#19 F:\\OSPanel\\domains\\inv.metu.kz\\vendor\\laravel\\framework\\src\\Illuminate\\Container\\BoundMethod.php(36): Database\\Seeders\\RoleAndPermissionSeeder->run()
#20 F:\\OSPanel\\domains\\inv.metu.kz\\vendor\\laravel\\framework\\src\\Illuminate\\Container\\Util.php(41): Illuminate\\Container\\BoundMethod::Illuminate\\Container\\{closure}()
#21 F:\\OSPanel\\domains\\inv.metu.kz\\vendor\\laravel\\framework\\src\\Illuminate\\Container\\BoundMethod.php(93): Illuminate\\Container\\Util::unwrapIfClosure()
#22 F:\\OSPanel\\domains\\inv.metu.kz\\vendor\\laravel\\framework\\src\\Illuminate\\Container\\BoundMethod.php(35): Illuminate\\Container\\BoundMethod::callBoundMethod()
#23 F:\\OSPanel\\domains\\inv.metu.kz\\vendor\\laravel\\framework\\src\\Illuminate\\Container\\Container.php(662): Illuminate\\Container\\BoundMethod::call()
#24 F:\\OSPanel\\domains\\inv.metu.kz\\vendor\\laravel\\framework\\src\\Illuminate\\Database\\Seeder.php(184): Illuminate\\Container\\Container->call()
#25 F:\\OSPanel\\domains\\inv.metu.kz\\vendor\\laravel\\framework\\src\\Illuminate\\Database\\Seeder.php(193): Illuminate\\Database\\Seeder->Illuminate\\Database\\{closure}()
#26 F:\\OSPanel\\domains\\inv.metu.kz\\vendor\\laravel\\framework\\src\\Illuminate\\Database\\Console\\Seeds\\SeedCommand.php(70): Illuminate\\Database\\Seeder->__invoke()
#27 F:\\OSPanel\\domains\\inv.metu.kz\\vendor\\laravel\\framework\\src\\Illuminate\\Database\\Eloquent\\Concerns\\GuardsAttributes.php(155): Illuminate\\Database\\Console\\Seeds\\SeedCommand->Illuminate\\Database\\Console\\Seeds\\{closure}()
#28 F:\\OSPanel\\domains\\inv.metu.kz\\vendor\\laravel\\framework\\src\\Illuminate\\Database\\Console\\Seeds\\SeedCommand.php(69): Illuminate\\Database\\Eloquent\\Model::unguarded()
#29 F:\\OSPanel\\domains\\inv.metu.kz\\vendor\\laravel\\framework\\src\\Illuminate\\Container\\BoundMethod.php(36): Illuminate\\Database\\Console\\Seeds\\SeedCommand->handle()
#30 F:\\OSPanel\\domains\\inv.metu.kz\\vendor\\laravel\\framework\\src\\Illuminate\\Container\\Util.php(41): Illuminate\\Container\\BoundMethod::Illuminate\\Container\\{closure}()
#31 F:\\OSPanel\\domains\\inv.metu.kz\\vendor\\laravel\\framework\\src\\Illuminate\\Container\\BoundMethod.php(93): Illuminate\\Container\\Util::unwrapIfClosure()
#32 F:\\OSPanel\\domains\\inv.metu.kz\\vendor\\laravel\\framework\\src\\Illuminate\\Container\\BoundMethod.php(35): Illuminate\\Container\\BoundMethod::callBoundMethod()
#33 F:\\OSPanel\\domains\\inv.metu.kz\\vendor\\laravel\\framework\\src\\Illuminate\\Container\\Container.php(662): Illuminate\\Container\\BoundMethod::call()
#34 F:\\OSPanel\\domains\\inv.metu.kz\\vendor\\laravel\\framework\\src\\Illuminate\\Console\\Command.php(211): Illuminate\\Container\\Container->call()
#35 F:\\OSPanel\\domains\\inv.metu.kz\\vendor\\symfony\\console\\Command\\Command.php(326): Illuminate\\Console\\Command->execute()
#36 F:\\OSPanel\\domains\\inv.metu.kz\\vendor\\laravel\\framework\\src\\Illuminate\\Console\\Command.php(180): Symfony\\Component\\Console\\Command\\Command->run()
#37 F:\\OSPanel\\domains\\inv.metu.kz\\vendor\\symfony\\console\\Application.php(1096): Illuminate\\Console\\Command->run()
#38 F:\\OSPanel\\domains\\inv.metu.kz\\vendor\\symfony\\console\\Application.php(324): Symfony\\Component\\Console\\Application->doRunCommand()
#39 F:\\OSPanel\\domains\\inv.metu.kz\\vendor\\symfony\\console\\Application.php(175): Symfony\\Component\\Console\\Application->doRun()
#40 F:\\OSPanel\\domains\\inv.metu.kz\\vendor\\laravel\\framework\\src\\Illuminate\\Foundation\\Console\\Kernel.php(201): Symfony\\Component\\Console\\Application->run()
#41 F:\\OSPanel\\domains\\inv.metu.kz\\artisan(35): Illuminate\\Foundation\\Console\\Kernel->handle()
#42 {main}
"} 
[2026-06-16 12:06:25] local.ERROR: SQLSTATE[42S21]: Column already exists: 1060 Duplicate column name 'password' (Connection: mysql, SQL: alter table `users` add `TutorID` int null after `id`, add `Login` varchar(255) null after `TutorID`, add `Password` varchar(255) null after `Login`) {"exception":"[object] (Illuminate\\Database\\QueryException(code: 42S21): SQLSTATE[42S21]: Column already exists: 1060 Duplicate column name 'password' (Connection: mysql, SQL: alter table `users` add `TutorID` int null after `id`, add `Login` varchar(255) null after `TutorID`, add `Password` varchar(255) null after `Login`) at F:\\OSPanel\\domains\\inv.metu.kz\\vendor\\laravel\\framework\\src\\Illuminate\\Database\\Connection.php:829)
[stacktrace]
#0 F:\\OSPanel\\domains\\inv.metu.kz\\vendor\\laravel\\framework\\src\\Illuminate\\Database\\Connection.php(783): Illuminate\\Database\\Connection->runQueryCallback()
#1 F:\\OSPanel\\domains\\inv.metu.kz\\vendor\\laravel\\framework\\src\\Illuminate\\Database\\Connection.php(576): Illuminate\\Database\\Connection->run()
#2 F:\\OSPanel\\domains\\inv.metu.kz\\vendor\\laravel\\framework\\src\\Illuminate\\Database\\Schema\\Blueprint.php(110): Illuminate\\Database\\Connection->statement()
#3 F:\\OSPanel\\domains\\inv.metu.kz\\vendor\\laravel\\framework\\src\\Illuminate\\Database\\Schema\\Builder.php(602): Illuminate\\Database\\Schema\\Blueprint->build()
#4 F:\\OSPanel\\domains\\inv.metu.kz\\vendor\\laravel\\framework\\src\\Illuminate\\Database\\Schema\\Builder.php(444): Illuminate\\Database\\Schema\\Builder->build()
#5 F:\\OSPanel\\domains\\inv.metu.kz\\vendor\\laravel\\framework\\src\\Illuminate\\Support\\Facades\\Facade.php(355): Illuminate\\Database\\Schema\\Builder->table()
#6 F:\\OSPanel\\domains\\inv.metu.kz\\database\\migrations\\2026_06_16_120436_add_tutor_fields_to_users_table.php(14): Illuminate\\Support\\Facades\\Facade::__callStatic()
#7 F:\\OSPanel\\domains\\inv.metu.kz\\vendor\\laravel\\framework\\src\\Illuminate\\Database\\Migrations\\Migrator.php(493): Illuminate\\Database\\Migrations\\Migration@anonymous->up()
#8 F:\\OSPanel\\domains\\inv.metu.kz\\vendor\\laravel\\framework\\src\\Illuminate\\Database\\Migrations\\Migrator.php(410): Illuminate\\Database\\Migrations\\Migrator->runMethod()
#9 F:\\OSPanel\\domains\\inv.metu.kz\\vendor\\laravel\\framework\\src\\Illuminate\\Database\\Migrations\\Migrator.php(419): Illuminate\\Database\\Migrations\\Migrator->Illuminate\\Database\\Migrations\\{closure}()
#10 F:\\OSPanel\\domains\\inv.metu.kz\\vendor\\laravel\\framework\\src\\Illuminate\\Database\\Migrations\\Migrator.php(216): Illuminate\\Database\\Migrations\\Migrator->runMigration()
#11 F:\\OSPanel\\domains\\inv.metu.kz\\vendor\\laravel\\framework\\src\\Illuminate\\Console\\View\\Components\\Task.php(37): Illuminate\\Database\\Migrations\\Migrator->Illuminate\\Database\\Migrations\\{closure}()
#12 F:\\OSPanel\\domains\\inv.metu.kz\\vendor\\laravel\\framework\\src\\Illuminate\\Database\\Migrations\\Migrator.php(756): Illuminate\\Console\\View\\Components\\Task->render()
#13 F:\\OSPanel\\domains\\inv.metu.kz\\vendor\\laravel\\framework\\src\\Illuminate\\Database\\Migrations\\Migrator.php(216): Illuminate\\Database\\Migrations\\Migrator->write()
#14 F:\\OSPanel\\domains\\inv.metu.kz\\vendor\\laravel\\framework\\src\\Illuminate\\Database\\Migrations\\Migrator.php(181): Illuminate\\Database\\Migrations\\Migrator->runUp()
#15 F:\\OSPanel\\domains\\inv.metu.kz\\vendor\\laravel\\framework\\src\\Illuminate\\Database\\Migrations\\Migrator.php(124): Illuminate\\Database\\Migrations\\Migrator->runPending()
#16 F:\\OSPanel\\domains\\inv.metu.kz\\vendor\\laravel\\framework\\src\\Illuminate\\Database\\Console\\Migrations\\MigrateCommand.php(90): Illuminate\\Database\\Migrations\\Migrator->run()
#17 F:\\OSPanel\\domains\\inv.metu.kz\\vendor\\laravel\\framework\\src\\Illuminate\\Database\\Migrations\\Migrator.php(633): Illuminate\\Database\\Console\\Migrations\\MigrateCommand->Illuminate\\Database\\Console\\Migrations\\{closure}()
#18 F:\\OSPanel\\domains\\inv.metu.kz\\vendor\\laravel\\framework\\src\\Illuminate\\Database\\Console\\Migrations\\MigrateCommand.php(83): Illuminate\\Database\\Migrations\\Migrator->usingConnection()
#19 F:\\OSPanel\\domains\\inv.metu.kz\\vendor\\laravel\\framework\\src\\Illuminate\\Container\\BoundMethod.php(36): Illuminate\\Database\\Console\\Migrations\\MigrateCommand->handle()
#20 F:\\OSPanel\\domains\\inv.metu.kz\\vendor\\laravel\\framework\\src\\Illuminate\\Container\\Util.php(41): Illuminate\\Container\\BoundMethod::Illuminate\\Container\\{closure}()
#21 F:\\OSPanel\\domains\\inv.metu.kz\\vendor\\laravel\\framework\\src\\Illuminate\\Container\\BoundMethod.php(93): Illuminate\\Container\\Util::unwrapIfClosure()
#22 F:\\OSPanel\\domains\\inv.metu.kz\\vendor\\laravel\\framework\\src\\Illuminate\\Container\\BoundMethod.php(35): Illuminate\\Container\\BoundMethod::callBoundMethod()
#23 F:\\OSPanel\\domains\\inv.metu.kz\\vendor\\laravel\\framework\\src\\Illuminate\\Container\\Container.php(662): Illuminate\\Container\\BoundMethod::call()
#24 F:\\OSPanel\\domains\\inv.metu.kz\\vendor\\laravel\\framework\\src\\Illuminate\\Console\\Command.php(211): Illuminate\\Container\\Container->call()
#25 F:\\OSPanel\\domains\\inv.metu.kz\\vendor\\symfony\\console\\Command\\Command.php(326): Illuminate\\Console\\Command->execute()
#26 F:\\OSPanel\\domains\\inv.metu.kz\\vendor\\laravel\\framework\\src\\Illuminate\\Console\\Command.php(180): Symfony\\Component\\Console\\Command\\Command->run()
#27 F:\\OSPanel\\domains\\inv.metu.kz\\vendor\\symfony\\console\\Application.php(1096): Illuminate\\Console\\Command->run()
#28 F:\\OSPanel\\domains\\inv.metu.kz\\vendor\\symfony\\console\\Application.php(324): Symfony\\Component\\Console\\Application->doRunCommand()
#29 F:\\OSPanel\\domains\\inv.metu.kz\\vendor\\symfony\\console\\Application.php(175): Symfony\\Component\\Console\\Application->doRun()
#30 F:\\OSPanel\\domains\\inv.metu.kz\\vendor\\laravel\\framework\\src\\Illuminate\\Foundation\\Console\\Kernel.php(201): Symfony\\Component\\Console\\Application->run()
#31 F:\\OSPanel\\domains\\inv.metu.kz\\artisan(35): Illuminate\\Foundation\\Console\\Kernel->handle()
#32 {main}

[previous exception] [object] (PDOException(code: 42S21): SQLSTATE[42S21]: Column already exists: 1060 Duplicate column name 'password' at F:\\OSPanel\\domains\\inv.metu.kz\\vendor\\laravel\\framework\\src\\Illuminate\\Database\\Connection.php:587)
[stacktrace]
#0 F:\\OSPanel\\domains\\inv.metu.kz\\vendor\\laravel\\framework\\src\\Illuminate\\Database\\Connection.php(587): PDOStatement->execute()
#1 F:\\OSPanel\\domains\\inv.metu.kz\\vendor\\laravel\\framework\\src\\Illuminate\\Database\\Connection.php(816): Illuminate\\Database\\Connection->Illuminate\\Database\\{closure}()
#2 F:\\OSPanel\\domains\\inv.metu.kz\\vendor\\laravel\\framework\\src\\Illuminate\\Database\\Connection.php(783): Illuminate\\Database\\Connection->runQueryCallback()
#3 F:\\OSPanel\\domains\\inv.metu.kz\\vendor\\laravel\\framework\\src\\Illuminate\\Database\\Connection.php(576): Illuminate\\Database\\Connection->run()
#4 F:\\OSPanel\\domains\\inv.metu.kz\\vendor\\laravel\\framework\\src\\Illuminate\\Database\\Schema\\Blueprint.php(110): Illuminate\\Database\\Connection->statement()
#5 F:\\OSPanel\\domains\\inv.metu.kz\\vendor\\laravel\\framework\\src\\Illuminate\\Database\\Schema\\Builder.php(602): Illuminate\\Database\\Schema\\Blueprint->build()
#6 F:\\OSPanel\\domains\\inv.metu.kz\\vendor\\laravel\\framework\\src\\Illuminate\\Database\\Schema\\Builder.php(444): Illuminate\\Database\\Schema\\Builder->build()
#7 F:\\OSPanel\\domains\\inv.metu.kz\\vendor\\laravel\\framework\\src\\Illuminate\\Support\\Facades\\Facade.php(355): Illuminate\\Database\\Schema\\Builder->table()
#8 F:\\OSPanel\\domains\\inv.metu.kz\\database\\migrations\\2026_06_16_120436_add_tutor_fields_to_users_table.php(14): Illuminate\\Support\\Facades\\Facade::__callStatic()
#9 F:\\OSPanel\\domains\\inv.metu.kz\\vendor\\laravel\\framework\\src\\Illuminate\\Database\\Migrations\\Migrator.php(493): Illuminate\\Database\\Migrations\\Migration@anonymous->up()
#10 F:\\OSPanel\\domains\\inv.metu.kz\\vendor\\laravel\\framework\\src\\Illuminate\\Database\\Migrations\\Migrator.php(410): Illuminate\\Database\\Migrations\\Migrator->runMethod()
#11 F:\\OSPanel\\domains\\inv.metu.kz\\vendor\\laravel\\framework\\src\\Illuminate\\Database\\Migrations\\Migrator.php(419): Illuminate\\Database\\Migrations\\Migrator->Illuminate\\Database\\Migrations\\{closure}()
#12 F:\\OSPanel\\domains\\inv.metu.kz\\vendor\\laravel\\framework\\src\\Illuminate\\Database\\Migrations\\Migrator.php(216): Illuminate\\Database\\Migrations\\Migrator->runMigration()
#13 F:\\OSPanel\\domains\\inv.metu.kz\\vendor\\laravel\\framework\\src\\Illuminate\\Console\\View\\Components\\Task.php(37): Illuminate\\Database\\Migrations\\Migrator->Illuminate\\Database\\Migrations\\{closure}()
#14 F:\\OSPanel\\domains\\inv.metu.kz\\vendor\\laravel\\framework\\src\\Illuminate\\Database\\Migrations\\Migrator.php(756): Illuminate\\Console\\View\\Components\\Task->render()
#15 F:\\OSPanel\\domains\\inv.metu.kz\\vendor\\laravel\\framework\\src\\Illuminate\\Database\\Migrations\\Migrator.php(216): Illuminate\\Database\\Migrations\\Migrator->write()
#16 F:\\OSPanel\\domains\\inv.metu.kz\\vendor\\laravel\\framework\\src\\Illuminate\\Database\\Migrations\\Migrator.php(181): Illuminate\\Database\\Migrations\\Migrator->runUp()
#17 F:\\OSPanel\\domains\\inv.metu.kz\\vendor\\laravel\\framework\\src\\Illuminate\\Database\\Migrations\\Migrator.php(124): Illuminate\\Database\\Migrations\\Migrator->runPending()
#18 F:\\OSPanel\\domains\\inv.metu.kz\\vendor\\laravel\\framework\\src\\Illuminate\\Database\\Console\\Migrations\\MigrateCommand.php(90): Illuminate\\Database\\Migrations\\Migrator->run()
#19 F:\\OSPanel\\domains\\inv.metu.kz\\vendor\\laravel\\framework\\src\\Illuminate\\Database\\Migrations\\Migrator.php(633): Illuminate\\Database\\Console\\Migrations\\MigrateCommand->Illuminate\\Database\\Console\\Migrations\\{closure}()
#20 F:\\OSPanel\\domains\\inv.metu.kz\\vendor\\laravel\\framework\\src\\Illuminate\\Database\\Console\\Migrations\\MigrateCommand.php(83): Illuminate\\Database\\Migrations\\Migrator->usingConnection()
#21 F:\\OSPanel\\domains\\inv.metu.kz\\vendor\\laravel\\framework\\src\\Illuminate\\Container\\BoundMethod.php(36): Illuminate\\Database\\Console\\Migrations\\MigrateCommand->handle()
#22 F:\\OSPanel\\domains\\inv.metu.kz\\vendor\\laravel\\framework\\src\\Illuminate\\Container\\Util.php(41): Illuminate\\Container\\BoundMethod::Illuminate\\Container\\{closure}()
#23 F:\\OSPanel\\domains\\inv.metu.kz\\vendor\\laravel\\framework\\src\\Illuminate\\Container\\BoundMethod.php(93): Illuminate\\Container\\Util::unwrapIfClosure()
#24 F:\\OSPanel\\domains\\inv.metu.kz\\vendor\\laravel\\framework\\src\\Illuminate\\Container\\BoundMethod.php(35): Illuminate\\Container\\BoundMethod::callBoundMethod()
#25 F:\\OSPanel\\domains\\inv.metu.kz\\vendor\\laravel\\framework\\src\\Illuminate\\Container\\Container.php(662): Illuminate\\Container\\BoundMethod::call()
#26 F:\\OSPanel\\domains\\inv.metu.kz\\vendor\\laravel\\framework\\src\\Illuminate\\Console\\Command.php(211): Illuminate\\Container\\Container->call()
#27 F:\\OSPanel\\domains\\inv.metu.kz\\vendor\\symfony\\console\\Command\\Command.php(326): Illuminate\\Console\\Command->execute()
#28 F:\\OSPanel\\domains\\inv.metu.kz\\vendor\\laravel\\framework\\src\\Illuminate\\Console\\Command.php(180): Symfony\\Component\\Console\\Command\\Command->run()
#29 F:\\OSPanel\\domains\\inv.metu.kz\\vendor\\symfony\\console\\Application.php(1096): Illuminate\\Console\\Command->run()
#30 F:\\OSPanel\\domains\\inv.metu.kz\\vendor\\symfony\\console\\Application.php(324): Symfony\\Component\\Console\\Application->doRunCommand()
#31 F:\\OSPanel\\domains\\inv.metu.kz\\vendor\\symfony\\console\\Application.php(175): Symfony\\Component\\Console\\Application->doRun()
#32 F:\\OSPanel\\domains\\inv.metu.kz\\vendor\\laravel\\framework\\src\\Illuminate\\Foundation\\Console\\Kernel.php(201): Symfony\\Component\\Console\\Application->run()
#33 F:\\OSPanel\\domains\\inv.metu.kz\\artisan(35): Illuminate\\Foundation\\Console\\Kernel->handle()
#34 {main}
"} 
[2026-06-16 12:06:26] local.ERROR: SQLSTATE[42S22]: Column not found: 1054 Unknown column 'TutorID' in 'where clause' (Connection: mysql, SQL: select * from `users` where (`TutorID` = 347) limit 1) {"exception":"[object] (Illuminate\\Database\\QueryException(code: 42S22): SQLSTATE[42S22]: Column not found: 1054 Unknown column 'TutorID' in 'where clause' (Connection: mysql, SQL: select * from `users` where (`TutorID` = 347) limit 1) at F:\\OSPanel\\domains\\inv.metu.kz\\vendor\\laravel\\framework\\src\\Illuminate\\Database\\Connection.php:829)
[stacktrace]
#0 F:\\OSPanel\\domains\\inv.metu.kz\\vendor\\laravel\\framework\\src\\Illuminate\\Database\\Connection.php(783): Illuminate\\Database\\Connection->runQueryCallback()
#1 F:\\OSPanel\\domains\\inv.metu.kz\\vendor\\laravel\\framework\\src\\Illuminate\\Database\\Connection.php(414): Illuminate\\Database\\Connection->run()
#2 F:\\OSPanel\\domains\\inv.metu.kz\\vendor\\laravel\\framework\\src\\Illuminate\\Database\\Query\\Builder.php(2913): Illuminate\\Database\\Connection->select()
#3 F:\\OSPanel\\domains\\inv.metu.kz\\vendor\\laravel\\framework\\src\\Illuminate\\Database\\Query\\Builder.php(2902): Illuminate\\Database\\Query\\Builder->runSelect()
#4 F:\\OSPanel\\domains\\inv.metu.kz\\vendor\\laravel\\framework\\src\\Illuminate\\Database\\Query\\Builder.php(3456): Illuminate\\Database\\Query\\Builder->Illuminate\\Database\\Query\\{closure}()
#5 F:\\OSPanel\\domains\\inv.metu.kz\\vendor\\laravel\\framework\\src\\Illuminate\\Database\\Query\\Builder.php(2901): Illuminate\\Database\\Query\\Builder->onceWithColumns()
#6 F:\\OSPanel\\domains\\inv.metu.kz\\vendor\\laravel\\framework\\src\\Illuminate\\Database\\Eloquent\\Builder.php(739): Illuminate\\Database\\Query\\Builder->get()
#7 F:\\OSPanel\\domains\\inv.metu.kz\\vendor\\laravel\\framework\\src\\Illuminate\\Database\\Eloquent\\Builder.php(723): Illuminate\\Database\\Eloquent\\Builder->getModels()
#8 F:\\OSPanel\\domains\\inv.metu.kz\\vendor\\laravel\\framework\\src\\Illuminate\\Database\\Concerns\\BuildsQueries.php(333): Illuminate\\Database\\Eloquent\\Builder->get()
#9 F:\\OSPanel\\domains\\inv.metu.kz\\vendor\\laravel\\framework\\src\\Illuminate\\Database\\Eloquent\\Builder.php(568): Illuminate\\Database\\Eloquent\\Builder->first()
#10 F:\\OSPanel\\domains\\inv.metu.kz\\vendor\\laravel\\framework\\src\\Illuminate\\Database\\Eloquent\\Builder.php(600): Illuminate\\Database\\Eloquent\\Builder->firstOrCreate()
#11 F:\\OSPanel\\domains\\inv.metu.kz\\vendor\\laravel\\framework\\src\\Illuminate\\Support\\Traits\\ForwardsCalls.php(23): Illuminate\\Database\\Eloquent\\Builder->updateOrCreate()
#12 F:\\OSPanel\\domains\\inv.metu.kz\\vendor\\laravel\\framework\\src\\Illuminate\\Database\\Eloquent\\Model.php(2335): Illuminate\\Database\\Eloquent\\Model->forwardCallTo()
#13 F:\\OSPanel\\domains\\inv.metu.kz\\vendor\\laravel\\framework\\src\\Illuminate\\Database\\Eloquent\\Model.php(2347): Illuminate\\Database\\Eloquent\\Model->__call()
#14 F:\\OSPanel\\domains\\inv.metu.kz\\database\\seeders\\RoleAndPermissionSeeder.php(27): Illuminate\\Database\\Eloquent\\Model::__callStatic()
#15 F:\\OSPanel\\domains\\inv.metu.kz\\vendor\\laravel\\framework\\src\\Illuminate\\Container\\BoundMethod.php(36): Database\\Seeders\\RoleAndPermissionSeeder->run()
#16 F:\\OSPanel\\domains\\inv.metu.kz\\vendor\\laravel\\framework\\src\\Illuminate\\Container\\Util.php(41): Illuminate\\Container\\BoundMethod::Illuminate\\Container\\{closure}()
#17 F:\\OSPanel\\domains\\inv.metu.kz\\vendor\\laravel\\framework\\src\\Illuminate\\Container\\BoundMethod.php(93): Illuminate\\Container\\Util::unwrapIfClosure()
#18 F:\\OSPanel\\domains\\inv.metu.kz\\vendor\\laravel\\framework\\src\\Illuminate\\Container\\BoundMethod.php(35): Illuminate\\Container\\BoundMethod::callBoundMethod()
#19 F:\\OSPanel\\domains\\inv.metu.kz\\vendor\\laravel\\framework\\src\\Illuminate\\Container\\Container.php(662): Illuminate\\Container\\BoundMethod::call()
#20 F:\\OSPanel\\domains\\inv.metu.kz\\vendor\\laravel\\framework\\src\\Illuminate\\Database\\Seeder.php(184): Illuminate\\Container\\Container->call()
#21 F:\\OSPanel\\domains\\inv.metu.kz\\vendor\\laravel\\framework\\src\\Illuminate\\Database\\Seeder.php(193): Illuminate\\Database\\Seeder->Illuminate\\Database\\{closure}()
#22 F:\\OSPanel\\domains\\inv.metu.kz\\vendor\\laravel\\framework\\src\\Illuminate\\Database\\Console\\Seeds\\SeedCommand.php(70): Illuminate\\Database\\Seeder->__invoke()
#23 F:\\OSPanel\\domains\\inv.metu.kz\\vendor\\laravel\\framework\\src\\Illuminate\\Database\\Eloquent\\Concerns\\GuardsAttributes.php(155): Illuminate\\Database\\Console\\Seeds\\SeedCommand->Illuminate\\Database\\Console\\Seeds\\{closure}()
#24 F:\\OSPanel\\domains\\inv.metu.kz\\vendor\\laravel\\framework\\src\\Illuminate\\Database\\Console\\Seeds\\SeedCommand.php(69): Illuminate\\Database\\Eloquent\\Model::unguarded()
#25 F:\\OSPanel\\domains\\inv.metu.kz\\vendor\\laravel\\framework\\src\\Illuminate\\Container\\BoundMethod.php(36): Illuminate\\Database\\Console\\Seeds\\SeedCommand->handle()
#26 F:\\OSPanel\\domains\\inv.metu.kz\\vendor\\laravel\\framework\\src\\Illuminate\\Container\\Util.php(41): Illuminate\\Container\\BoundMethod::Illuminate\\Container\\{closure}()
#27 F:\\OSPanel\\domains\\inv.metu.kz\\vendor\\laravel\\framework\\src\\Illuminate\\Container\\BoundMethod.php(93): Illuminate\\Container\\Util::unwrapIfClosure()
#28 F:\\OSPanel\\domains\\inv.metu.kz\\vendor\\laravel\\framework\\src\\Illuminate\\Container\\BoundMethod.php(35): Illuminate\\Container\\BoundMethod::callBoundMethod()
#29 F:\\OSPanel\\domains\\inv.metu.kz\\vendor\\laravel\\framework\\src\\Illuminate\\Container\\Container.php(662): Illuminate\\Container\\BoundMethod::call()
#30 F:\\OSPanel\\domains\\inv.metu.kz\\vendor\\laravel\\framework\\src\\Illuminate\\Console\\Command.php(211): Illuminate\\Container\\Container->call()
#31 F:\\OSPanel\\domains\\inv.metu.kz\\vendor\\symfony\\console\\Command\\Command.php(326): Illuminate\\Console\\Command->execute()
#32 F:\\OSPanel\\domains\\inv.metu.kz\\vendor\\laravel\\framework\\src\\Illuminate\\Console\\Command.php(180): Symfony\\Component\\Console\\Command\\Command->run()
#33 F:\\OSPanel\\domains\\inv.metu.kz\\vendor\\symfony\\console\\Application.php(1096): Illuminate\\Console\\Command->run()
#34 F:\\OSPanel\\domains\\inv.metu.kz\\vendor\\symfony\\console\\Application.php(324): Symfony\\Component\\Console\\Application->doRunCommand()
#35 F:\\OSPanel\\domains\\inv.metu.kz\\vendor\\symfony\\console\\Application.php(175): Symfony\\Component\\Console\\Application->doRun()
#36 F:\\OSPanel\\domains\\inv.metu.kz\\vendor\\laravel\\framework\\src\\Illuminate\\Foundation\\Console\\Kernel.php(201): Symfony\\Component\\Console\\Application->run()
#37 F:\\OSPanel\\domains\\inv.metu.kz\\artisan(35): Illuminate\\Foundation\\Console\\Kernel->handle()
#38 {main}

[previous exception] [object] (PDOException(code: 42S22): SQLSTATE[42S22]: Column not found: 1054 Unknown column 'TutorID' in 'where clause' at F:\\OSPanel\\domains\\inv.metu.kz\\vendor\\laravel\\framework\\src\\Illuminate\\Database\\Connection.php:423)
[stacktrace]
#0 F:\\OSPanel\\domains\\inv.metu.kz\\vendor\\laravel\\framework\\src\\Illuminate\\Database\\Connection.php(423): PDO->prepare()
#1 F:\\OSPanel\\domains\\inv.metu.kz\\vendor\\laravel\\framework\\src\\Illuminate\\Database\\Connection.php(816): Illuminate\\Database\\Connection->Illuminate\\Database\\{closure}()
#2 F:\\OSPanel\\domains\\inv.metu.kz\\vendor\\laravel\\framework\\src\\Illuminate\\Database\\Connection.php(783): Illuminate\\Database\\Connection->runQueryCallback()
#3 F:\\OSPanel\\domains\\inv.metu.kz\\vendor\\laravel\\framework\\src\\Illuminate\\Database\\Connection.php(414): Illuminate\\Database\\Connection->run()
#4 F:\\OSPanel\\domains\\inv.metu.kz\\vendor\\laravel\\framework\\src\\Illuminate\\Database\\Query\\Builder.php(2913): Illuminate\\Database\\Connection->select()
#5 F:\\OSPanel\\domains\\inv.metu.kz\\vendor\\laravel\\framework\\src\\Illuminate\\Database\\Query\\Builder.php(2902): Illuminate\\Database\\Query\\Builder->runSelect()
#6 F:\\OSPanel\\domains\\inv.metu.kz\\vendor\\laravel\\framework\\src\\Illuminate\\Database\\Query\\Builder.php(3456): Illuminate\\Database\\Query\\Builder->Illuminate\\Database\\Query\\{closure}()
#7 F:\\OSPanel\\domains\\inv.metu.kz\\vendor\\laravel\\framework\\src\\Illuminate\\Database\\Query\\Builder.php(2901): Illuminate\\Database\\Query\\Builder->onceWithColumns()
#8 F:\\OSPanel\\domains\\inv.metu.kz\\vendor\\laravel\\framework\\src\\Illuminate\\Database\\Eloquent\\Builder.php(739): Illuminate\\Database\\Query\\Builder->get()
#9 F:\\OSPanel\\domains\\inv.metu.kz\\vendor\\laravel\\framework\\src\\Illuminate\\Database\\Eloquent\\Builder.php(723): Illuminate\\Database\\Eloquent\\Builder->getModels()
#10 F:\\OSPanel\\domains\\inv.metu.kz\\vendor\\laravel\\framework\\src\\Illuminate\\Database\\Concerns\\BuildsQueries.php(333): Illuminate\\Database\\Eloquent\\Builder->get()
#11 F:\\OSPanel\\domains\\inv.metu.kz\\vendor\\laravel\\framework\\src\\Illuminate\\Database\\Eloquent\\Builder.php(568): Illuminate\\Database\\Eloquent\\Builder->first()
#12 F:\\OSPanel\\domains\\inv.metu.kz\\vendor\\laravel\\framework\\src\\Illuminate\\Database\\Eloquent\\Builder.php(600): Illuminate\\Database\\Eloquent\\Builder->firstOrCreate()
#13 F:\\OSPanel\\domains\\inv.metu.kz\\vendor\\laravel\\framework\\src\\Illuminate\\Support\\Traits\\ForwardsCalls.php(23): Illuminate\\Database\\Eloquent\\Builder->updateOrCreate()
#14 F:\\OSPanel\\domains\\inv.metu.kz\\vendor\\laravel\\framework\\src\\Illuminate\\Database\\Eloquent\\Model.php(2335): Illuminate\\Database\\Eloquent\\Model->forwardCallTo()
#15 F:\\OSPanel\\domains\\inv.metu.kz\\vendor\\laravel\\framework\\src\\Illuminate\\Database\\Eloquent\\Model.php(2347): Illuminate\\Database\\Eloquent\\Model->__call()
#16 F:\\OSPanel\\domains\\inv.metu.kz\\database\\seeders\\RoleAndPermissionSeeder.php(27): Illuminate\\Database\\Eloquent\\Model::__callStatic()
#17 F:\\OSPanel\\domains\\inv.metu.kz\\vendor\\laravel\\framework\\src\\Illuminate\\Container\\BoundMethod.php(36): Database\\Seeders\\RoleAndPermissionSeeder->run()
#18 F:\\OSPanel\\domains\\inv.metu.kz\\vendor\\laravel\\framework\\src\\Illuminate\\Container\\Util.php(41): Illuminate\\Container\\BoundMethod::Illuminate\\Container\\{closure}()
#19 F:\\OSPanel\\domains\\inv.metu.kz\\vendor\\laravel\\framework\\src\\Illuminate\\Container\\BoundMethod.php(93): Illuminate\\Container\\Util::unwrapIfClosure()
#20 F:\\OSPanel\\domains\\inv.metu.kz\\vendor\\laravel\\framework\\src\\Illuminate\\Container\\BoundMethod.php(35): Illuminate\\Container\\BoundMethod::callBoundMethod()
#21 F:\\OSPanel\\domains\\inv.metu.kz\\vendor\\laravel\\framework\\src\\Illuminate\\Container\\Container.php(662): Illuminate\\Container\\BoundMethod::call()
#22 F:\\OSPanel\\domains\\inv.metu.kz\\vendor\\laravel\\framework\\src\\Illuminate\\Database\\Seeder.php(184): Illuminate\\Container\\Container->call()
#23 F:\\OSPanel\\domains\\inv.metu.kz\\vendor\\laravel\\framework\\src\\Illuminate\\Database\\Seeder.php(193): Illuminate\\Database\\Seeder->Illuminate\\Database\\{closure}()
#24 F:\\OSPanel\\domains\\inv.metu.kz\\vendor\\laravel\\framework\\src\\Illuminate\\Database\\Console\\Seeds\\SeedCommand.php(70): Illuminate\\Database\\Seeder->__invoke()
#25 F:\\OSPanel\\domains\\inv.metu.kz\\vendor\\laravel\\framework\\src\\Illuminate\\Database\\Eloquent\\Concerns\\GuardsAttributes.php(155): Illuminate\\Database\\Console\\Seeds\\SeedCommand->Illuminate\\Database\\Console\\Seeds\\{closure}()
#26 F:\\OSPanel\\domains\\inv.metu.kz\\vendor\\laravel\\framework\\src\\Illuminate\\Database\\Console\\Seeds\\SeedCommand.php(69): Illuminate\\Database\\Eloquent\\Model::unguarded()
#27 F:\\OSPanel\\domains\\inv.metu.kz\\vendor\\laravel\\framework\\src\\Illuminate\\Container\\BoundMethod.php(36): Illuminate\\Database\\Console\\Seeds\\SeedCommand->handle()
#28 F:\\OSPanel\\domains\\inv.metu.kz\\vendor\\laravel\\framework\\src\\Illuminate\\Container\\Util.php(41): Illuminate\\Container\\BoundMethod::Illuminate\\Container\\{closure}()
#29 F:\\OSPanel\\domains\\inv.metu.kz\\vendor\\laravel\\framework\\src\\Illuminate\\Container\\BoundMethod.php(93): Illuminate\\Container\\Util::unwrapIfClosure()
#30 F:\\OSPanel\\domains\\inv.metu.kz\\vendor\\laravel\\framework\\src\\Illuminate\\Container\\BoundMethod.php(35): Illuminate\\Container\\BoundMethod::callBoundMethod()
#31 F:\\OSPanel\\domains\\inv.metu.kz\\vendor\\laravel\\framework\\src\\Illuminate\\Container\\Container.php(662): Illuminate\\Container\\BoundMethod::call()
#32 F:\\OSPanel\\domains\\inv.metu.kz\\vendor\\laravel\\framework\\src\\Illuminate\\Console\\Command.php(211): Illuminate\\Container\\Container->call()
#33 F:\\OSPanel\\domains\\inv.metu.kz\\vendor\\symfony\\console\\Command\\Command.php(326): Illuminate\\Console\\Command->execute()
#34 F:\\OSPanel\\domains\\inv.metu.kz\\vendor\\laravel\\framework\\src\\Illuminate\\Console\\Command.php(180): Symfony\\Component\\Console\\Command\\Command->run()
#35 F:\\OSPanel\\domains\\inv.metu.kz\\vendor\\symfony\\console\\Application.php(1096): Illuminate\\Console\\Command->run()
#36 F:\\OSPanel\\domains\\inv.metu.kz\\vendor\\symfony\\console\\Application.php(324): Symfony\\Component\\Console\\Application->doRunCommand()
#37 F:\\OSPanel\\domains\\inv.metu.kz\\vendor\\symfony\\console\\Application.php(175): Symfony\\Component\\Console\\Application->doRun()
#38 F:\\OSPanel\\domains\\inv.metu.kz\\vendor\\laravel\\framework\\src\\Illuminate\\Foundation\\Console\\Kernel.php(201): Symfony\\Component\\Console\\Application->run()
#39 F:\\OSPanel\\domains\\inv.metu.kz\\artisan(35): Illuminate\\Foundation\\Console\\Kernel->handle()
#40 {main}
"} 
[2026-06-16 12:07:18] local.ERROR: SQLSTATE[42S01]: Base table or view already exists: 1050 Table 'token' already exists (Connection: mysql, SQL: create table `token` (`id` bigint unsigned not null auto_increment primary key, `TutorID` int not null, `token` varchar(255) not null, `created_at` timestamp null, `updated_at` timestamp null) default character set utf8mb4 collate 'utf8mb4_unicode_ci') {"exception":"[object] (Illuminate\\Database\\QueryException(code: 42S01): SQLSTATE[42S01]: Base table or view already exists: 1050 Table 'token' already exists (Connection: mysql, SQL: create table `token` (`id` bigint unsigned not null auto_increment primary key, `TutorID` int not null, `token` varchar(255) not null, `created_at` timestamp null, `updated_at` timestamp null) default character set utf8mb4 collate 'utf8mb4_unicode_ci') at F:\\OSPanel\\domains\\inv.metu.kz\\vendor\\laravel\\framework\\src\\Illuminate\\Database\\Connection.php:829)
[stacktrace]
#0 F:\\OSPanel\\domains\\inv.metu.kz\\vendor\\laravel\\framework\\src\\Illuminate\\Database\\Connection.php(783): Illuminate\\Database\\Connection->runQueryCallback()
#1 F:\\OSPanel\\domains\\inv.metu.kz\\vendor\\laravel\\framework\\src\\Illuminate\\Database\\Connection.php(576): Illuminate\\Database\\Connection->run()
#2 F:\\OSPanel\\domains\\inv.metu.kz\\vendor\\laravel\\framework\\src\\Illuminate\\Database\\Schema\\Blueprint.php(110): Illuminate\\Database\\Connection->statement()
#3 F:\\OSPanel\\domains\\inv.metu.kz\\vendor\\laravel\\framework\\src\\Illuminate\\Database\\Schema\\Builder.php(602): Illuminate\\Database\\Schema\\Blueprint->build()
#4 F:\\OSPanel\\domains\\inv.metu.kz\\vendor\\laravel\\framework\\src\\Illuminate\\Database\\Schema\\Builder.php(456): Illuminate\\Database\\Schema\\Builder->build()
#5 F:\\OSPanel\\domains\\inv.metu.kz\\vendor\\laravel\\framework\\src\\Illuminate\\Support\\Facades\\Facade.php(355): Illuminate\\Database\\Schema\\Builder->create()
#6 F:\\OSPanel\\domains\\inv.metu.kz\\database\\migrations\\2024_04_12_164125_create_token_table.php(14): Illuminate\\Support\\Facades\\Facade::__callStatic()
#7 F:\\OSPanel\\domains\\inv.metu.kz\\vendor\\laravel\\framework\\src\\Illuminate\\Database\\Migrations\\Migrator.php(493): Illuminate\\Database\\Migrations\\Migration@anonymous->up()
#8 F:\\OSPanel\\domains\\inv.metu.kz\\vendor\\laravel\\framework\\src\\Illuminate\\Database\\Migrations\\Migrator.php(410): Illuminate\\Database\\Migrations\\Migrator->runMethod()
#9 F:\\OSPanel\\domains\\inv.metu.kz\\vendor\\laravel\\framework\\src\\Illuminate\\Database\\Migrations\\Migrator.php(419): Illuminate\\Database\\Migrations\\Migrator->Illuminate\\Database\\Migrations\\{closure}()
#10 F:\\OSPanel\\domains\\inv.metu.kz\\vendor\\laravel\\framework\\src\\Illuminate\\Database\\Migrations\\Migrator.php(216): Illuminate\\Database\\Migrations\\Migrator->runMigration()
#11 F:\\OSPanel\\domains\\inv.metu.kz\\vendor\\laravel\\framework\\src\\Illuminate\\Console\\View\\Components\\Task.php(37): Illuminate\\Database\\Migrations\\Migrator->Illuminate\\Database\\Migrations\\{closure}()
#12 F:\\OSPanel\\domains\\inv.metu.kz\\vendor\\laravel\\framework\\src\\Illuminate\\Database\\Migrations\\Migrator.php(756): Illuminate\\Console\\View\\Components\\Task->render()
#13 F:\\OSPanel\\domains\\inv.metu.kz\\vendor\\laravel\\framework\\src\\Illuminate\\Database\\Migrations\\Migrator.php(216): Illuminate\\Database\\Migrations\\Migrator->write()
#14 F:\\OSPanel\\domains\\inv.metu.kz\\vendor\\laravel\\framework\\src\\Illuminate\\Database\\Migrations\\Migrator.php(181): Illuminate\\Database\\Migrations\\Migrator->runUp()
#15 F:\\OSPanel\\domains\\inv.metu.kz\\vendor\\laravel\\framework\\src\\Illuminate\\Database\\Migrations\\Migrator.php(124): Illuminate\\Database\\Migrations\\Migrator->runPending()
#16 F:\\OSPanel\\domains\\inv.metu.kz\\vendor\\laravel\\framework\\src\\Illuminate\\Database\\Console\\Migrations\\MigrateCommand.php(90): Illuminate\\Database\\Migrations\\Migrator->run()
#17 F:\\OSPanel\\domains\\inv.metu.kz\\vendor\\laravel\\framework\\src\\Illuminate\\Database\\Migrations\\Migrator.php(633): Illuminate\\Database\\Console\\Migrations\\MigrateCommand->Illuminate\\Database\\Console\\Migrations\\{closure}()
#18 F:\\OSPanel\\domains\\inv.metu.kz\\vendor\\laravel\\framework\\src\\Illuminate\\Database\\Console\\Migrations\\MigrateCommand.php(83): Illuminate\\Database\\Migrations\\Migrator->usingConnection()
#19 F:\\OSPanel\\domains\\inv.metu.kz\\vendor\\laravel\\framework\\src\\Illuminate\\Container\\BoundMethod.php(36): Illuminate\\Database\\Console\\Migrations\\MigrateCommand->handle()
#20 F:\\OSPanel\\domains\\inv.metu.kz\\vendor\\laravel\\framework\\src\\Illuminate\\Container\\Util.php(41): Illuminate\\Container\\BoundMethod::Illuminate\\Container\\{closure}()
#21 F:\\OSPanel\\domains\\inv.metu.kz\\vendor\\laravel\\framework\\src\\Illuminate\\Container\\BoundMethod.php(93): Illuminate\\Container\\Util::unwrapIfClosure()
#22 F:\\OSPanel\\domains\\inv.metu.kz\\vendor\\laravel\\framework\\src\\Illuminate\\Container\\BoundMethod.php(35): Illuminate\\Container\\BoundMethod::callBoundMethod()
#23 F:\\OSPanel\\domains\\inv.metu.kz\\vendor\\laravel\\framework\\src\\Illuminate\\Container\\Container.php(662): Illuminate\\Container\\BoundMethod::call()
#24 F:\\OSPanel\\domains\\inv.metu.kz\\vendor\\laravel\\framework\\src\\Illuminate\\Console\\Command.php(211): Illuminate\\Container\\Container->call()
#25 F:\\OSPanel\\domains\\inv.metu.kz\\vendor\\symfony\\console\\Command\\Command.php(326): Illuminate\\Console\\Command->execute()
#26 F:\\OSPanel\\domains\\inv.metu.kz\\vendor\\laravel\\framework\\src\\Illuminate\\Console\\Command.php(180): Symfony\\Component\\Console\\Command\\Command->run()
#27 F:\\OSPanel\\domains\\inv.metu.kz\\vendor\\symfony\\console\\Application.php(1096): Illuminate\\Console\\Command->run()
#28 F:\\OSPanel\\domains\\inv.metu.kz\\vendor\\symfony\\console\\Application.php(324): Symfony\\Component\\Console\\Application->doRunCommand()
#29 F:\\OSPanel\\domains\\inv.metu.kz\\vendor\\symfony\\console\\Application.php(175): Symfony\\Component\\Console\\Application->doRun()
#30 F:\\OSPanel\\domains\\inv.metu.kz\\vendor\\laravel\\framework\\src\\Illuminate\\Foundation\\Console\\Kernel.php(201): Symfony\\Component\\Console\\Application->run()
#31 F:\\OSPanel\\domains\\inv.metu.kz\\artisan(35): Illuminate\\Foundation\\Console\\Kernel->handle()
#32 {main}

[previous exception] [object] (PDOException(code: 42S01): SQLSTATE[42S01]: Base table or view already exists: 1050 Table 'token' already exists at F:\\OSPanel\\domains\\inv.metu.kz\\vendor\\laravel\\framework\\src\\Illuminate\\Database\\Connection.php:587)
[stacktrace]
#0 F:\\OSPanel\\domains\\inv.metu.kz\\vendor\\laravel\\framework\\src\\Illuminate\\Database\\Connection.php(587): PDOStatement->execute()
#1 F:\\OSPanel\\domains\\inv.metu.kz\\vendor\\laravel\\framework\\src\\Illuminate\\Database\\Connection.php(816): Illuminate\\Database\\Connection->Illuminate\\Database\\{closure}()
#2 F:\\OSPanel\\domains\\inv.metu.kz\\vendor\\laravel\\framework\\src\\Illuminate\\Database\\Connection.php(783): Illuminate\\Database\\Connection->runQueryCallback()
#3 F:\\OSPanel\\domains\\inv.metu.kz\\vendor\\laravel\\framework\\src\\Illuminate\\Database\\Connection.php(576): Illuminate\\Database\\Connection->run()
#4 F:\\OSPanel\\domains\\inv.metu.kz\\vendor\\laravel\\framework\\src\\Illuminate\\Database\\Schema\\Blueprint.php(110): Illuminate\\Database\\Connection->statement()
#5 F:\\OSPanel\\domains\\inv.metu.kz\\vendor\\laravel\\framework\\src\\Illuminate\\Database\\Schema\\Builder.php(602): Illuminate\\Database\\Schema\\Blueprint->build()
#6 F:\\OSPanel\\domains\\inv.metu.kz\\vendor\\laravel\\framework\\src\\Illuminate\\Database\\Schema\\Builder.php(456): Illuminate\\Database\\Schema\\Builder->build()
#7 F:\\OSPanel\\domains\\inv.metu.kz\\vendor\\laravel\\framework\\src\\Illuminate\\Support\\Facades\\Facade.php(355): Illuminate\\Database\\Schema\\Builder->create()
#8 F:\\OSPanel\\domains\\inv.metu.kz\\database\\migrations\\2024_04_12_164125_create_token_table.php(14): Illuminate\\Support\\Facades\\Facade::__callStatic()
#9 F:\\OSPanel\\domains\\inv.metu.kz\\vendor\\laravel\\framework\\src\\Illuminate\\Database\\Migrations\\Migrator.php(493): Illuminate\\Database\\Migrations\\Migration@anonymous->up()
#10 F:\\OSPanel\\domains\\inv.metu.kz\\vendor\\laravel\\framework\\src\\Illuminate\\Database\\Migrations\\Migrator.php(410): Illuminate\\Database\\Migrations\\Migrator->runMethod()
#11 F:\\OSPanel\\domains\\inv.metu.kz\\vendor\\laravel\\framework\\src\\Illuminate\\Database\\Migrations\\Migrator.php(419): Illuminate\\Database\\Migrations\\Migrator->Illuminate\\Database\\Migrations\\{closure}()
#12 F:\\OSPanel\\domains\\inv.metu.kz\\vendor\\laravel\\framework\\src\\Illuminate\\Database\\Migrations\\Migrator.php(216): Illuminate\\Database\\Migrations\\Migrator->runMigration()
#13 F:\\OSPanel\\domains\\inv.metu.kz\\vendor\\laravel\\framework\\src\\Illuminate\\Console\\View\\Components\\Task.php(37): Illuminate\\Database\\Migrations\\Migrator->Illuminate\\Database\\Migrations\\{closure}()
#14 F:\\OSPanel\\domains\\inv.metu.kz\\vendor\\laravel\\framework\\src\\Illuminate\\Database\\Migrations\\Migrator.php(756): Illuminate\\Console\\View\\Components\\Task->render()
#15 F:\\OSPanel\\domains\\inv.metu.kz\\vendor\\laravel\\framework\\src\\Illuminate\\Database\\Migrations\\Migrator.php(216): Illuminate\\Database\\Migrations\\Migrator->write()
#16 F:\\OSPanel\\domains\\inv.metu.kz\\vendor\\laravel\\framework\\src\\Illuminate\\Database\\Migrations\\Migrator.php(181): Illuminate\\Database\\Migrations\\Migrator->runUp()
#17 F:\\OSPanel\\domains\\inv.metu.kz\\vendor\\laravel\\framework\\src\\Illuminate\\Database\\Migrations\\Migrator.php(124): Illuminate\\Database\\Migrations\\Migrator->runPending()
#18 F:\\OSPanel\\domains\\inv.metu.kz\\vendor\\laravel\\framework\\src\\Illuminate\\Database\\Console\\Migrations\\MigrateCommand.php(90): Illuminate\\Database\\Migrations\\Migrator->run()
#19 F:\\OSPanel\\domains\\inv.metu.kz\\vendor\\laravel\\framework\\src\\Illuminate\\Database\\Migrations\\Migrator.php(633): Illuminate\\Database\\Console\\Migrations\\MigrateCommand->Illuminate\\Database\\Console\\Migrations\\{closure}()
#20 F:\\OSPanel\\domains\\inv.metu.kz\\vendor\\laravel\\framework\\src\\Illuminate\\Database\\Console\\Migrations\\MigrateCommand.php(83): Illuminate\\Database\\Migrations\\Migrator->usingConnection()
#21 F:\\OSPanel\\domains\\inv.metu.kz\\vendor\\laravel\\framework\\src\\Illuminate\\Container\\BoundMethod.php(36): Illuminate\\Database\\Console\\Migrations\\MigrateCommand->handle()
#22 F:\\OSPanel\\domains\\inv.metu.kz\\vendor\\laravel\\framework\\src\\Illuminate\\Container\\Util.php(41): Illuminate\\Container\\BoundMethod::Illuminate\\Container\\{closure}()
#23 F:\\OSPanel\\domains\\inv.metu.kz\\vendor\\laravel\\framework\\src\\Illuminate\\Container\\BoundMethod.php(93): Illuminate\\Container\\Util::unwrapIfClosure()
#24 F:\\OSPanel\\domains\\inv.metu.kz\\vendor\\laravel\\framework\\src\\Illuminate\\Container\\BoundMethod.php(35): Illuminate\\Container\\BoundMethod::callBoundMethod()
#25 F:\\OSPanel\\domains\\inv.metu.kz\\vendor\\laravel\\framework\\src\\Illuminate\\Container\\Container.php(662): Illuminate\\Container\\BoundMethod::call()
#26 F:\\OSPanel\\domains\\inv.metu.kz\\vendor\\laravel\\framework\\src\\Illuminate\\Console\\Command.php(211): Illuminate\\Container\\Container->call()
#27 F:\\OSPanel\\domains\\inv.metu.kz\\vendor\\symfony\\console\\Command\\Command.php(326): Illuminate\\Console\\Command->execute()
#28 F:\\OSPanel\\domains\\inv.metu.kz\\vendor\\laravel\\framework\\src\\Illuminate\\Console\\Command.php(180): Symfony\\Component\\Console\\Command\\Command->run()
#29 F:\\OSPanel\\domains\\inv.metu.kz\\vendor\\symfony\\console\\Application.php(1096): Illuminate\\Console\\Command->run()
#30 F:\\OSPanel\\domains\\inv.metu.kz\\vendor\\symfony\\console\\Application.php(324): Symfony\\Component\\Console\\Application->doRunCommand()
#31 F:\\OSPanel\\domains\\inv.metu.kz\\vendor\\symfony\\console\\Application.php(175): Symfony\\Component\\Console\\Application->doRun()
#32 F:\\OSPanel\\domains\\inv.metu.kz\\vendor\\laravel\\framework\\src\\Illuminate\\Foundation\\Console\\Kernel.php(201): Symfony\\Component\\Console\\Application->run()
#33 F:\\OSPanel\\domains\\inv.metu.kz\\artisan(35): Illuminate\\Foundation\\Console\\Kernel->handle()
#34 {main}
"} 
[2026-06-16 12:07:19] local.ERROR: SQLSTATE[42S22]: Column not found: 1054 Unknown column 'TutorID' in 'where clause' (Connection: mysql, SQL: select * from `users` where (`TutorID` = 347) limit 1) {"exception":"[object] (Illuminate\\Database\\QueryException(code: 42S22): SQLSTATE[42S22]: Column not found: 1054 Unknown column 'TutorID' in 'where clause' (Connection: mysql, SQL: select * from `users` where (`TutorID` = 347) limit 1) at F:\\OSPanel\\domains\\inv.metu.kz\\vendor\\laravel\\framework\\src\\Illuminate\\Database\\Connection.php:829)
[stacktrace]
#0 F:\\OSPanel\\domains\\inv.metu.kz\\vendor\\laravel\\framework\\src\\Illuminate\\Database\\Connection.php(783): Illuminate\\Database\\Connection->runQueryCallback()
#1 F:\\OSPanel\\domains\\inv.metu.kz\\vendor\\laravel\\framework\\src\\Illuminate\\Database\\Connection.php(414): Illuminate\\Database\\Connection->run()
#2 F:\\OSPanel\\domains\\inv.metu.kz\\vendor\\laravel\\framework\\src\\Illuminate\\Database\\Query\\Builder.php(2913): Illuminate\\Database\\Connection->select()
#3 F:\\OSPanel\\domains\\inv.metu.kz\\vendor\\laravel\\framework\\src\\Illuminate\\Database\\Query\\Builder.php(2902): Illuminate\\Database\\Query\\Builder->runSelect()
#4 F:\\OSPanel\\domains\\inv.metu.kz\\vendor\\laravel\\framework\\src\\Illuminate\\Database\\Query\\Builder.php(3456): Illuminate\\Database\\Query\\Builder->Illuminate\\Database\\Query\\{closure}()
#5 F:\\OSPanel\\domains\\inv.metu.kz\\vendor\\laravel\\framework\\src\\Illuminate\\Database\\Query\\Builder.php(2901): Illuminate\\Database\\Query\\Builder->onceWithColumns()
#6 F:\\OSPanel\\domains\\inv.metu.kz\\vendor\\laravel\\framework\\src\\Illuminate\\Database\\Eloquent\\Builder.php(739): Illuminate\\Database\\Query\\Builder->get()
#7 F:\\OSPanel\\domains\\inv.metu.kz\\vendor\\laravel\\framework\\src\\Illuminate\\Database\\Eloquent\\Builder.php(723): Illuminate\\Database\\Eloquent\\Builder->getModels()
#8 F:\\OSPanel\\domains\\inv.metu.kz\\vendor\\laravel\\framework\\src\\Illuminate\\Database\\Concerns\\BuildsQueries.php(333): Illuminate\\Database\\Eloquent\\Builder->get()
#9 F:\\OSPanel\\domains\\inv.metu.kz\\vendor\\laravel\\framework\\src\\Illuminate\\Database\\Eloquent\\Builder.php(568): Illuminate\\Database\\Eloquent\\Builder->first()
#10 F:\\OSPanel\\domains\\inv.metu.kz\\vendor\\laravel\\framework\\src\\Illuminate\\Database\\Eloquent\\Builder.php(600): Illuminate\\Database\\Eloquent\\Builder->firstOrCreate()
#11 F:\\OSPanel\\domains\\inv.metu.kz\\vendor\\laravel\\framework\\src\\Illuminate\\Support\\Traits\\ForwardsCalls.php(23): Illuminate\\Database\\Eloquent\\Builder->updateOrCreate()
#12 F:\\OSPanel\\domains\\inv.metu.kz\\vendor\\laravel\\framework\\src\\Illuminate\\Database\\Eloquent\\Model.php(2335): Illuminate\\Database\\Eloquent\\Model->forwardCallTo()
#13 F:\\OSPanel\\domains\\inv.metu.kz\\vendor\\laravel\\framework\\src\\Illuminate\\Database\\Eloquent\\Model.php(2347): Illuminate\\Database\\Eloquent\\Model->__call()
#14 F:\\OSPanel\\domains\\inv.metu.kz\\database\\seeders\\RoleAndPermissionSeeder.php(27): Illuminate\\Database\\Eloquent\\Model::__callStatic()
#15 F:\\OSPanel\\domains\\inv.metu.kz\\vendor\\laravel\\framework\\src\\Illuminate\\Container\\BoundMethod.php(36): Database\\Seeders\\RoleAndPermissionSeeder->run()
#16 F:\\OSPanel\\domains\\inv.metu.kz\\vendor\\laravel\\framework\\src\\Illuminate\\Container\\Util.php(41): Illuminate\\Container\\BoundMethod::Illuminate\\Container\\{closure}()
#17 F:\\OSPanel\\domains\\inv.metu.kz\\vendor\\laravel\\framework\\src\\Illuminate\\Container\\BoundMethod.php(93): Illuminate\\Container\\Util::unwrapIfClosure()
#18 F:\\OSPanel\\domains\\inv.metu.kz\\vendor\\laravel\\framework\\src\\Illuminate\\Container\\BoundMethod.php(35): Illuminate\\Container\\BoundMethod::callBoundMethod()
#19 F:\\OSPanel\\domains\\inv.metu.kz\\vendor\\laravel\\framework\\src\\Illuminate\\Container\\Container.php(662): Illuminate\\Container\\BoundMethod::call()
#20 F:\\OSPanel\\domains\\inv.metu.kz\\vendor\\laravel\\framework\\src\\Illuminate\\Database\\Seeder.php(184): Illuminate\\Container\\Container->call()
#21 F:\\OSPanel\\domains\\inv.metu.kz\\vendor\\laravel\\framework\\src\\Illuminate\\Database\\Seeder.php(193): Illuminate\\Database\\Seeder->Illuminate\\Database\\{closure}()
#22 F:\\OSPanel\\domains\\inv.metu.kz\\vendor\\laravel\\framework\\src\\Illuminate\\Database\\Console\\Seeds\\SeedCommand.php(70): Illuminate\\Database\\Seeder->__invoke()
#23 F:\\OSPanel\\domains\\inv.metu.kz\\vendor\\laravel\\framework\\src\\Illuminate\\Database\\Eloquent\\Concerns\\GuardsAttributes.php(155): Illuminate\\Database\\Console\\Seeds\\SeedCommand->Illuminate\\Database\\Console\\Seeds\\{closure}()
#24 F:\\OSPanel\\domains\\inv.metu.kz\\vendor\\laravel\\framework\\src\\Illuminate\\Database\\Console\\Seeds\\SeedCommand.php(69): Illuminate\\Database\\Eloquent\\Model::unguarded()
#25 F:\\OSPanel\\domains\\inv.metu.kz\\vendor\\laravel\\framework\\src\\Illuminate\\Container\\BoundMethod.php(36): Illuminate\\Database\\Console\\Seeds\\SeedCommand->handle()
#26 F:\\OSPanel\\domains\\inv.metu.kz\\vendor\\laravel\\framework\\src\\Illuminate\\Container\\Util.php(41): Illuminate\\Container\\BoundMethod::Illuminate\\Container\\{closure}()
#27 F:\\OSPanel\\domains\\inv.metu.kz\\vendor\\laravel\\framework\\src\\Illuminate\\Container\\BoundMethod.php(93): Illuminate\\Container\\Util::unwrapIfClosure()
#28 F:\\OSPanel\\domains\\inv.metu.kz\\vendor\\laravel\\framework\\src\\Illuminate\\Container\\BoundMethod.php(35): Illuminate\\Container\\BoundMethod::callBoundMethod()
#29 F:\\OSPanel\\domains\\inv.metu.kz\\vendor\\laravel\\framework\\src\\Illuminate\\Container\\Container.php(662): Illuminate\\Container\\BoundMethod::call()
#30 F:\\OSPanel\\domains\\inv.metu.kz\\vendor\\laravel\\framework\\src\\Illuminate\\Console\\Command.php(211): Illuminate\\Container\\Container->call()
#31 F:\\OSPanel\\domains\\inv.metu.kz\\vendor\\symfony\\console\\Command\\Command.php(326): Illuminate\\Console\\Command->execute()
#32 F:\\OSPanel\\domains\\inv.metu.kz\\vendor\\laravel\\framework\\src\\Illuminate\\Console\\Command.php(180): Symfony\\Component\\Console\\Command\\Command->run()
#33 F:\\OSPanel\\domains\\inv.metu.kz\\vendor\\symfony\\console\\Application.php(1096): Illuminate\\Console\\Command->run()
#34 F:\\OSPanel\\domains\\inv.metu.kz\\vendor\\symfony\\console\\Application.php(324): Symfony\\Component\\Console\\Application->doRunCommand()
#35 F:\\OSPanel\\domains\\inv.metu.kz\\vendor\\symfony\\console\\Application.php(175): Symfony\\Component\\Console\\Application->doRun()
#36 F:\\OSPanel\\domains\\inv.metu.kz\\vendor\\laravel\\framework\\src\\Illuminate\\Foundation\\Console\\Kernel.php(201): Symfony\\Component\\Console\\Application->run()
#37 F:\\OSPanel\\domains\\inv.metu.kz\\artisan(35): Illuminate\\Foundation\\Console\\Kernel->handle()
#38 {main}

[previous exception] [object] (PDOException(code: 42S22): SQLSTATE[42S22]: Column not found: 1054 Unknown column 'TutorID' in 'where clause' at F:\\OSPanel\\domains\\inv.metu.kz\\vendor\\laravel\\framework\\src\\Illuminate\\Database\\Connection.php:423)
[stacktrace]
#0 F:\\OSPanel\\domains\\inv.metu.kz\\vendor\\laravel\\framework\\src\\Illuminate\\Database\\Connection.php(423): PDO->prepare()
#1 F:\\OSPanel\\domains\\inv.metu.kz\\vendor\\laravel\\framework\\src\\Illuminate\\Database\\Connection.php(816): Illuminate\\Database\\Connection->Illuminate\\Database\\{closure}()
#2 F:\\OSPanel\\domains\\inv.metu.kz\\vendor\\laravel\\framework\\src\\Illuminate\\Database\\Connection.php(783): Illuminate\\Database\\Connection->runQueryCallback()
#3 F:\\OSPanel\\domains\\inv.metu.kz\\vendor\\laravel\\framework\\src\\Illuminate\\Database\\Connection.php(414): Illuminate\\Database\\Connection->run()
#4 F:\\OSPanel\\domains\\inv.metu.kz\\vendor\\laravel\\framework\\src\\Illuminate\\Database\\Query\\Builder.php(2913): Illuminate\\Database\\Connection->select()
#5 F:\\OSPanel\\domains\\inv.metu.kz\\vendor\\laravel\\framework\\src\\Illuminate\\Database\\Query\\Builder.php(2902): Illuminate\\Database\\Query\\Builder->runSelect()
#6 F:\\OSPanel\\domains\\inv.metu.kz\\vendor\\laravel\\framework\\src\\Illuminate\\Database\\Query\\Builder.php(3456): Illuminate\\Database\\Query\\Builder->Illuminate\\Database\\Query\\{closure}()
#7 F:\\OSPanel\\domains\\inv.metu.kz\\vendor\\laravel\\framework\\src\\Illuminate\\Database\\Query\\Builder.php(2901): Illuminate\\Database\\Query\\Builder->onceWithColumns()
#8 F:\\OSPanel\\domains\\inv.metu.kz\\vendor\\laravel\\framework\\src\\Illuminate\\Database\\Eloquent\\Builder.php(739): Illuminate\\Database\\Query\\Builder->get()
#9 F:\\OSPanel\\domains\\inv.metu.kz\\vendor\\laravel\\framework\\src\\Illuminate\\Database\\Eloquent\\Builder.php(723): Illuminate\\Database\\Eloquent\\Builder->getModels()
#10 F:\\OSPanel\\domains\\inv.metu.kz\\vendor\\laravel\\framework\\src\\Illuminate\\Database\\Concerns\\BuildsQueries.php(333): Illuminate\\Database\\Eloquent\\Builder->get()
#11 F:\\OSPanel\\domains\\inv.metu.kz\\vendor\\laravel\\framework\\src\\Illuminate\\Database\\Eloquent\\Builder.php(568): Illuminate\\Database\\Eloquent\\Builder->first()
#12 F:\\OSPanel\\domains\\inv.metu.kz\\vendor\\laravel\\framework\\src\\Illuminate\\Database\\Eloquent\\Builder.php(600): Illuminate\\Database\\Eloquent\\Builder->firstOrCreate()
#13 F:\\OSPanel\\domains\\inv.metu.kz\\vendor\\laravel\\framework\\src\\Illuminate\\Support\\Traits\\ForwardsCalls.php(23): Illuminate\\Database\\Eloquent\\Builder->updateOrCreate()
#14 F:\\OSPanel\\domains\\inv.metu.kz\\vendor\\laravel\\framework\\src\\Illuminate\\Database\\Eloquent\\Model.php(2335): Illuminate\\Database\\Eloquent\\Model->forwardCallTo()
#15 F:\\OSPanel\\domains\\inv.metu.kz\\vendor\\laravel\\framework\\src\\Illuminate\\Database\\Eloquent\\Model.php(2347): Illuminate\\Database\\Eloquent\\Model->__call()
#16 F:\\OSPanel\\domains\\inv.metu.kz\\database\\seeders\\RoleAndPermissionSeeder.php(27): Illuminate\\Database\\Eloquent\\Model::__callStatic()
#17 F:\\OSPanel\\domains\\inv.metu.kz\\vendor\\laravel\\framework\\src\\Illuminate\\Container\\BoundMethod.php(36): Database\\Seeders\\RoleAndPermissionSeeder->run()
#18 F:\\OSPanel\\domains\\inv.metu.kz\\vendor\\laravel\\framework\\src\\Illuminate\\Container\\Util.php(41): Illuminate\\Container\\BoundMethod::Illuminate\\Container\\{closure}()
#19 F:\\OSPanel\\domains\\inv.metu.kz\\vendor\\laravel\\framework\\src\\Illuminate\\Container\\BoundMethod.php(93): Illuminate\\Container\\Util::unwrapIfClosure()
#20 F:\\OSPanel\\domains\\inv.metu.kz\\vendor\\laravel\\framework\\src\\Illuminate\\Container\\BoundMethod.php(35): Illuminate\\Container\\BoundMethod::callBoundMethod()
#21 F:\\OSPanel\\domains\\inv.metu.kz\\vendor\\laravel\\framework\\src\\Illuminate\\Container\\Container.php(662): Illuminate\\Container\\BoundMethod::call()
#22 F:\\OSPanel\\domains\\inv.metu.kz\\vendor\\laravel\\framework\\src\\Illuminate\\Database\\Seeder.php(184): Illuminate\\Container\\Container->call()
#23 F:\\OSPanel\\domains\\inv.metu.kz\\vendor\\laravel\\framework\\src\\Illuminate\\Database\\Seeder.php(193): Illuminate\\Database\\Seeder->Illuminate\\Database\\{closure}()
#24 F:\\OSPanel\\domains\\inv.metu.kz\\vendor\\laravel\\framework\\src\\Illuminate\\Database\\Console\\Seeds\\SeedCommand.php(70): Illuminate\\Database\\Seeder->__invoke()
#25 F:\\OSPanel\\domains\\inv.metu.kz\\vendor\\laravel\\framework\\src\\Illuminate\\Database\\Eloquent\\Concerns\\GuardsAttributes.php(155): Illuminate\\Database\\Console\\Seeds\\SeedCommand->Illuminate\\Database\\Console\\Seeds\\{closure}()
#26 F:\\OSPanel\\domains\\inv.metu.kz\\vendor\\laravel\\framework\\src\\Illuminate\\Database\\Console\\Seeds\\SeedCommand.php(69): Illuminate\\Database\\Eloquent\\Model::unguarded()
#27 F:\\OSPanel\\domains\\inv.metu.kz\\vendor\\laravel\\framework\\src\\Illuminate\\Container\\BoundMethod.php(36): Illuminate\\Database\\Console\\Seeds\\SeedCommand->handle()
#28 F:\\OSPanel\\domains\\inv.metu.kz\\vendor\\laravel\\framework\\src\\Illuminate\\Container\\Util.php(41): Illuminate\\Container\\BoundMethod::Illuminate\\Container\\{closure}()
#29 F:\\OSPanel\\domains\\inv.metu.kz\\vendor\\laravel\\framework\\src\\Illuminate\\Container\\BoundMethod.php(93): Illuminate\\Container\\Util::unwrapIfClosure()
#30 F:\\OSPanel\\domains\\inv.metu.kz\\vendor\\laravel\\framework\\src\\Illuminate\\Container\\BoundMethod.php(35): Illuminate\\Container\\BoundMethod::callBoundMethod()
#31 F:\\OSPanel\\domains\\inv.metu.kz\\vendor\\laravel\\framework\\src\\Illuminate\\Container\\Container.php(662): Illuminate\\Container\\BoundMethod::call()
#32 F:\\OSPanel\\domains\\inv.metu.kz\\vendor\\laravel\\framework\\src\\Illuminate\\Console\\Command.php(211): Illuminate\\Container\\Container->call()
#33 F:\\OSPanel\\domains\\inv.metu.kz\\vendor\\symfony\\console\\Command\\Command.php(326): Illuminate\\Console\\Command->execute()
#34 F:\\OSPanel\\domains\\inv.metu.kz\\vendor\\laravel\\framework\\src\\Illuminate\\Console\\Command.php(180): Symfony\\Component\\Console\\Command\\Command->run()
#35 F:\\OSPanel\\domains\\inv.metu.kz\\vendor\\symfony\\console\\Application.php(1096): Illuminate\\Console\\Command->run()
#36 F:\\OSPanel\\domains\\inv.metu.kz\\vendor\\symfony\\console\\Application.php(324): Symfony\\Component\\Console\\Application->doRunCommand()
#37 F:\\OSPanel\\domains\\inv.metu.kz\\vendor\\symfony\\console\\Application.php(175): Symfony\\Component\\Console\\Application->doRun()
#38 F:\\OSPanel\\domains\\inv.metu.kz\\vendor\\laravel\\framework\\src\\Illuminate\\Foundation\\Console\\Kernel.php(201): Symfony\\Component\\Console\\Application->run()
#39 F:\\OSPanel\\domains\\inv.metu.kz\\artisan(35): Illuminate\\Foundation\\Console\\Kernel->handle()
#40 {main}
"} 
[2026-06-17 01:41:23] local.ERROR: PHP Parse error: Syntax error, unexpected '=' on line 1 {"exception":"[object] (Psy\\Exception\\ParseErrorException(code: 0): PHP Parse error: Syntax error, unexpected '=' on line 1 at F:\\OSPanel\\domains\\inv.metu\\vendor\\psy\\psysh\\src\\Exception\\ParseErrorException.php:44)
[stacktrace]
#0 F:\\OSPanel\\domains\\inv.metu\\vendor\\psy\\psysh\\src\\CodeCleaner.php(306): Psy\\Exception\\ParseErrorException::fromParseError()
#1 F:\\OSPanel\\domains\\inv.metu\\vendor\\psy\\psysh\\src\\CodeCleaner.php(240): Psy\\CodeCleaner->parse()
#2 F:\\OSPanel\\domains\\inv.metu\\vendor\\psy\\psysh\\src\\Shell.php(852): Psy\\CodeCleaner->clean()
#3 F:\\OSPanel\\domains\\inv.metu\\vendor\\psy\\psysh\\src\\Shell.php(881): Psy\\Shell->addCode()
#4 F:\\OSPanel\\domains\\inv.metu\\vendor\\psy\\psysh\\src\\Shell.php(1390): Psy\\Shell->setCode()
#5 F:\\OSPanel\\domains\\inv.metu\\vendor\\laravel\\tinker\\src\\Console\\TinkerCommand.php(76): Psy\\Shell->execute()
#6 F:\\OSPanel\\domains\\inv.metu\\vendor\\laravel\\framework\\src\\Illuminate\\Container\\BoundMethod.php(36): Laravel\\Tinker\\Console\\TinkerCommand->handle()
#7 F:\\OSPanel\\domains\\inv.metu\\vendor\\laravel\\framework\\src\\Illuminate\\Container\\Util.php(41): Illuminate\\Container\\BoundMethod::Illuminate\\Container\\{closure}()
#8 F:\\OSPanel\\domains\\inv.metu\\vendor\\laravel\\framework\\src\\Illuminate\\Container\\BoundMethod.php(93): Illuminate\\Container\\Util::unwrapIfClosure()
#9 F:\\OSPanel\\domains\\inv.metu\\vendor\\laravel\\framework\\src\\Illuminate\\Container\\BoundMethod.php(35): Illuminate\\Container\\BoundMethod::callBoundMethod()
#10 F:\\OSPanel\\domains\\inv.metu\\vendor\\laravel\\framework\\src\\Illuminate\\Container\\Container.php(662): Illuminate\\Container\\BoundMethod::call()
#11 F:\\OSPanel\\domains\\inv.metu\\vendor\\laravel\\framework\\src\\Illuminate\\Console\\Command.php(211): Illuminate\\Container\\Container->call()
#12 F:\\OSPanel\\domains\\inv.metu\\vendor\\symfony\\console\\Command\\Command.php(326): Illuminate\\Console\\Command->execute()
#13 F:\\OSPanel\\domains\\inv.metu\\vendor\\laravel\\framework\\src\\Illuminate\\Console\\Command.php(180): Symfony\\Component\\Console\\Command\\Command->run()
#14 F:\\OSPanel\\domains\\inv.metu\\vendor\\symfony\\console\\Application.php(1096): Illuminate\\Console\\Command->run()
#15 F:\\OSPanel\\domains\\inv.metu\\vendor\\symfony\\console\\Application.php(324): Symfony\\Component\\Console\\Application->doRunCommand()
#16 F:\\OSPanel\\domains\\inv.metu\\vendor\\symfony\\console\\Application.php(175): Symfony\\Component\\Console\\Application->doRun()
#17 F:\\OSPanel\\domains\\inv.metu\\vendor\\laravel\\framework\\src\\Illuminate\\Foundation\\Console\\Kernel.php(201): Symfony\\Component\\Console\\Application->run()
#18 F:\\OSPanel\\domains\\inv.metu\\artisan(35): Illuminate\\Foundation\\Console\\Kernel->handle()
#19 {main}
"} 
[2026-06-25 10:21:20] local.ERROR: PHP Parse error: Syntax error, unexpected '=' on line 2 {"exception":"[object] (Psy\\Exception\\ParseErrorException(code: 0): PHP Parse error: Syntax error, unexpected '=' on line 2 at F:\\OSPanel\\domains\\inv.metu\\vendor\\psy\\psysh\\src\\Exception\\ParseErrorException.php:44)
[stacktrace]
#0 F:\\OSPanel\\domains\\inv.metu\\vendor\\psy\\psysh\\src\\CodeCleaner.php(306): Psy\\Exception\\ParseErrorException::fromParseError()
#1 F:\\OSPanel\\domains\\inv.metu\\vendor\\psy\\psysh\\src\\CodeCleaner.php(240): Psy\\CodeCleaner->parse()
#2 F:\\OSPanel\\domains\\inv.metu\\vendor\\psy\\psysh\\src\\Shell.php(852): Psy\\CodeCleaner->clean()
#3 F:\\OSPanel\\domains\\inv.metu\\vendor\\psy\\psysh\\src\\Shell.php(881): Psy\\Shell->addCode()
#4 F:\\OSPanel\\domains\\inv.metu\\vendor\\psy\\psysh\\src\\Shell.php(1390): Psy\\Shell->setCode()
#5 F:\\OSPanel\\domains\\inv.metu\\vendor\\laravel\\tinker\\src\\Console\\TinkerCommand.php(76): Psy\\Shell->execute()
#6 F:\\OSPanel\\domains\\inv.metu\\vendor\\laravel\\framework\\src\\Illuminate\\Container\\BoundMethod.php(36): Laravel\\Tinker\\Console\\TinkerCommand->handle()
#7 F:\\OSPanel\\domains\\inv.metu\\vendor\\laravel\\framework\\src\\Illuminate\\Container\\Util.php(41): Illuminate\\Container\\BoundMethod::Illuminate\\Container\\{closure}()
#8 F:\\OSPanel\\domains\\inv.metu\\vendor\\laravel\\framework\\src\\Illuminate\\Container\\BoundMethod.php(93): Illuminate\\Container\\Util::unwrapIfClosure()
#9 F:\\OSPanel\\domains\\inv.metu\\vendor\\laravel\\framework\\src\\Illuminate\\Container\\BoundMethod.php(35): Illuminate\\Container\\BoundMethod::callBoundMethod()
#10 F:\\OSPanel\\domains\\inv.metu\\vendor\\laravel\\framework\\src\\Illuminate\\Container\\Container.php(662): Illuminate\\Container\\BoundMethod::call()
#11 F:\\OSPanel\\domains\\inv.metu\\vendor\\laravel\\framework\\src\\Illuminate\\Console\\Command.php(211): Illuminate\\Container\\Container->call()
#12 F:\\OSPanel\\domains\\inv.metu\\vendor\\symfony\\console\\Command\\Command.php(326): Illuminate\\Console\\Command->execute()
#13 F:\\OSPanel\\domains\\inv.metu\\vendor\\laravel\\framework\\src\\Illuminate\\Console\\Command.php(180): Symfony\\Component\\Console\\Command\\Command->run()
#14 F:\\OSPanel\\domains\\inv.metu\\vendor\\symfony\\console\\Application.php(1096): Illuminate\\Console\\Command->run()
#15 F:\\OSPanel\\domains\\inv.metu\\vendor\\symfony\\console\\Application.php(324): Symfony\\Component\\Console\\Application->doRunCommand()
#16 F:\\OSPanel\\domains\\inv.metu\\vendor\\symfony\\console\\Application.php(175): Symfony\\Component\\Console\\Application->doRun()
#17 F:\\OSPanel\\domains\\inv.metu\\vendor\\laravel\\framework\\src\\Illuminate\\Foundation\\Console\\Kernel.php(201): Symfony\\Component\\Console\\Application->run()
#18 F:\\OSPanel\\domains\\inv.metu\\artisan(35): Illuminate\\Foundation\\Console\\Kernel->handle()
#19 {main}
"} 
[2026-06-25 10:25:42] local.ERROR: PHP Parse error: Syntax error, unexpected '=' on line 2 {"exception":"[object] (Psy\\Exception\\ParseErrorException(code: 0): PHP Parse error: Syntax error, unexpected '=' on line 2 at F:\\OSPanel\\domains\\inv.metu\\vendor\\psy\\psysh\\src\\Exception\\ParseErrorException.php:44)
[stacktrace]
#0 F:\\OSPanel\\domains\\inv.metu\\vendor\\psy\\psysh\\src\\CodeCleaner.php(306): Psy\\Exception\\ParseErrorException::fromParseError()
#1 F:\\OSPanel\\domains\\inv.metu\\vendor\\psy\\psysh\\src\\CodeCleaner.php(240): Psy\\CodeCleaner->parse()
#2 F:\\OSPanel\\domains\\inv.metu\\vendor\\psy\\psysh\\src\\Shell.php(852): Psy\\CodeCleaner->clean()
#3 F:\\OSPanel\\domains\\inv.metu\\vendor\\psy\\psysh\\src\\Shell.php(881): Psy\\Shell->addCode()
#4 F:\\OSPanel\\domains\\inv.metu\\vendor\\psy\\psysh\\src\\Shell.php(1390): Psy\\Shell->setCode()
#5 F:\\OSPanel\\domains\\inv.metu\\vendor\\laravel\\tinker\\src\\Console\\TinkerCommand.php(76): Psy\\Shell->execute()
#6 F:\\OSPanel\\domains\\inv.metu\\vendor\\laravel\\framework\\src\\Illuminate\\Container\\BoundMethod.php(36): Laravel\\Tinker\\Console\\TinkerCommand->handle()
#7 F:\\OSPanel\\domains\\inv.metu\\vendor\\laravel\\framework\\src\\Illuminate\\Container\\Util.php(41): Illuminate\\Container\\BoundMethod::Illuminate\\Container\\{closure}()
#8 F:\\OSPanel\\domains\\inv.metu\\vendor\\laravel\\framework\\src\\Illuminate\\Container\\BoundMethod.php(93): Illuminate\\Container\\Util::unwrapIfClosure()
#9 F:\\OSPanel\\domains\\inv.metu\\vendor\\laravel\\framework\\src\\Illuminate\\Container\\BoundMethod.php(35): Illuminate\\Container\\BoundMethod::callBoundMethod()
#10 F:\\OSPanel\\domains\\inv.metu\\vendor\\laravel\\framework\\src\\Illuminate\\Container\\Container.php(662): Illuminate\\Container\\BoundMethod::call()
#11 F:\\OSPanel\\domains\\inv.metu\\vendor\\laravel\\framework\\src\\Illuminate\\Console\\Command.php(211): Illuminate\\Container\\Container->call()
#12 F:\\OSPanel\\domains\\inv.metu\\vendor\\symfony\\console\\Command\\Command.php(326): Illuminate\\Console\\Command->execute()
#13 F:\\OSPanel\\domains\\inv.metu\\vendor\\laravel\\framework\\src\\Illuminate\\Console\\Command.php(180): Symfony\\Component\\Console\\Command\\Command->run()
#14 F:\\OSPanel\\domains\\inv.metu\\vendor\\symfony\\console\\Application.php(1096): Illuminate\\Console\\Command->run()
#15 F:\\OSPanel\\domains\\inv.metu\\vendor\\symfony\\console\\Application.php(324): Symfony\\Component\\Console\\Application->doRunCommand()
#16 F:\\OSPanel\\domains\\inv.metu\\vendor\\symfony\\console\\Application.php(175): Symfony\\Component\\Console\\Application->doRun()
#17 F:\\OSPanel\\domains\\inv.metu\\vendor\\laravel\\framework\\src\\Illuminate\\Foundation\\Console\\Kernel.php(201): Symfony\\Component\\Console\\Application->run()
#18 F:\\OSPanel\\domains\\inv.metu\\artisan(35): Illuminate\\Foundation\\Console\\Kernel->handle()
#19 {main}
"} 
[2026-09-22 10:22:09] local.ERROR: SQLSTATE[42S01]: Base table or view already exists: 1050 Table 'token' already exists (Connection: mysql, SQL: create table `token` (`id` bigint unsigned not null auto_increment primary key, `TutorID` int not null, `token` varchar(255) not null, `created_at` timestamp null, `updated_at` timestamp null) default character set utf8mb4 collate 'utf8mb4_unicode_ci') {"exception":"[object] (Illuminate\\Database\\QueryException(code: 42S01): SQLSTATE[42S01]: Base table or view already exists: 1050 Table 'token' already exists (Connection: mysql, SQL: create table `token` (`id` bigint unsigned not null auto_increment primary key, `TutorID` int not null, `token` varchar(255) not null, `created_at` timestamp null, `updated_at` timestamp null) default character set utf8mb4 collate 'utf8mb4_unicode_ci') at F:\\OSPanel\\domains\\inv.metu\\vendor\\laravel\\framework\\src\\Illuminate\\Database\\Connection.php:829)
[stacktrace]
#0 F:\\OSPanel\\domains\\inv.metu\\vendor\\laravel\\framework\\src\\Illuminate\\Database\\Connection.php(783): Illuminate\\Database\\Connection->runQueryCallback()
#1 F:\\OSPanel\\domains\\inv.metu\\vendor\\laravel\\framework\\src\\Illuminate\\Database\\Connection.php(576): Illuminate\\Database\\Connection->run()
#2 F:\\OSPanel\\domains\\inv.metu\\vendor\\laravel\\framework\\src\\Illuminate\\Database\\Schema\\Blueprint.php(110): Illuminate\\Database\\Connection->statement()
#3 F:\\OSPanel\\domains\\inv.metu\\vendor\\laravel\\framework\\src\\Illuminate\\Database\\Schema\\Builder.php(602): Illuminate\\Database\\Schema\\Blueprint->build()
#4 F:\\OSPanel\\domains\\inv.metu\\vendor\\laravel\\framework\\src\\Illuminate\\Database\\Schema\\Builder.php(456): Illuminate\\Database\\Schema\\Builder->build()
#5 F:\\OSPanel\\domains\\inv.metu\\vendor\\laravel\\framework\\src\\Illuminate\\Support\\Facades\\Facade.php(355): Illuminate\\Database\\Schema\\Builder->create()
#6 F:\\OSPanel\\domains\\inv.metu\\database\\migrations\\2024_04_12_164125_create_token_table.php(14): Illuminate\\Support\\Facades\\Facade::__callStatic()
#7 F:\\OSPanel\\domains\\inv.metu\\vendor\\laravel\\framework\\src\\Illuminate\\Database\\Migrations\\Migrator.php(493): Illuminate\\Database\\Migrations\\Migration@anonymous->up()
#8 F:\\OSPanel\\domains\\inv.metu\\vendor\\laravel\\framework\\src\\Illuminate\\Database\\Migrations\\Migrator.php(410): Illuminate\\Database\\Migrations\\Migrator->runMethod()
#9 F:\\OSPanel\\domains\\inv.metu\\vendor\\laravel\\framework\\src\\Illuminate\\Database\\Migrations\\Migrator.php(419): Illuminate\\Database\\Migrations\\Migrator->Illuminate\\Database\\Migrations\\{closure}()
#10 F:\\OSPanel\\domains\\inv.metu\\vendor\\laravel\\framework\\src\\Illuminate\\Database\\Migrations\\Migrator.php(216): Illuminate\\Database\\Migrations\\Migrator->runMigration()
#11 F:\\OSPanel\\domains\\inv.metu\\vendor\\laravel\\framework\\src\\Illuminate\\Console\\View\\Components\\Task.php(37): Illuminate\\Database\\Migrations\\Migrator->Illuminate\\Database\\Migrations\\{closure}()
#12 F:\\OSPanel\\domains\\inv.metu\\vendor\\laravel\\framework\\src\\Illuminate\\Database\\Migrations\\Migrator.php(756): Illuminate\\Console\\View\\Components\\Task->render()
#13 F:\\OSPanel\\domains\\inv.metu\\vendor\\laravel\\framework\\src\\Illuminate\\Database\\Migrations\\Migrator.php(216): Illuminate\\Database\\Migrations\\Migrator->write()
#14 F:\\OSPanel\\domains\\inv.metu\\vendor\\laravel\\framework\\src\\Illuminate\\Database\\Migrations\\Migrator.php(181): Illuminate\\Database\\Migrations\\Migrator->runUp()
#15 F:\\OSPanel\\domains\\inv.metu\\vendor\\laravel\\framework\\src\\Illuminate\\Database\\Migrations\\Migrator.php(124): Illuminate\\Database\\Migrations\\Migrator->runPending()
#16 F:\\OSPanel\\domains\\inv.metu\\vendor\\laravel\\framework\\src\\Illuminate\\Database\\Console\\Migrations\\MigrateCommand.php(90): Illuminate\\Database\\Migrations\\Migrator->run()
#17 F:\\OSPanel\\domains\\inv.metu\\vendor\\laravel\\framework\\src\\Illuminate\\Database\\Migrations\\Migrator.php(633): Illuminate\\Database\\Console\\Migrations\\MigrateCommand->Illuminate\\Database\\Console\\Migrations\\{closure}()
#18 F:\\OSPanel\\domains\\inv.metu\\vendor\\laravel\\framework\\src\\Illuminate\\Database\\Console\\Migrations\\MigrateCommand.php(83): Illuminate\\Database\\Migrations\\Migrator->usingConnection()
#19 F:\\OSPanel\\domains\\inv.metu\\vendor\\laravel\\framework\\src\\Illuminate\\Container\\BoundMethod.php(36): Illuminate\\Database\\Console\\Migrations\\MigrateCommand->handle()
#20 F:\\OSPanel\\domains\\inv.metu\\vendor\\laravel\\framework\\src\\Illuminate\\Container\\Util.php(41): Illuminate\\Container\\BoundMethod::Illuminate\\Container\\{closure}()
#21 F:\\OSPanel\\domains\\inv.metu\\vendor\\laravel\\framework\\src\\Illuminate\\Container\\BoundMethod.php(93): Illuminate\\Container\\Util::unwrapIfClosure()
#22 F:\\OSPanel\\domains\\inv.metu\\vendor\\laravel\\framework\\src\\Illuminate\\Container\\BoundMethod.php(35): Illuminate\\Container\\BoundMethod::callBoundMethod()
#23 F:\\OSPanel\\domains\\inv.metu\\vendor\\laravel\\framework\\src\\Illuminate\\Container\\Container.php(662): Illuminate\\Container\\BoundMethod::call()
#24 F:\\OSPanel\\domains\\inv.metu\\vendor\\laravel\\framework\\src\\Illuminate\\Console\\Command.php(211): Illuminate\\Container\\Container->call()
#25 F:\\OSPanel\\domains\\inv.metu\\vendor\\symfony\\console\\Command\\Command.php(326): Illuminate\\Console\\Command->execute()
#26 F:\\OSPanel\\domains\\inv.metu\\vendor\\laravel\\framework\\src\\Illuminate\\Console\\Command.php(180): Symfony\\Component\\Console\\Command\\Command->run()
#27 F:\\OSPanel\\domains\\inv.metu\\vendor\\symfony\\console\\Application.php(1096): Illuminate\\Console\\Command->run()
#28 F:\\OSPanel\\domains\\inv.metu\\vendor\\symfony\\console\\Application.php(324): Symfony\\Component\\Console\\Application->doRunCommand()
#29 F:\\OSPanel\\domains\\inv.metu\\vendor\\symfony\\console\\Application.php(175): Symfony\\Component\\Console\\Application->doRun()
#30 F:\\OSPanel\\domains\\inv.metu\\vendor\\laravel\\framework\\src\\Illuminate\\Foundation\\Console\\Kernel.php(201): Symfony\\Component\\Console\\Application->run()
#31 F:\\OSPanel\\domains\\inv.metu\\artisan(35): Illuminate\\Foundation\\Console\\Kernel->handle()
#32 {main}

[previous exception] [object] (PDOException(code: 42S01): SQLSTATE[42S01]: Base table or view already exists: 1050 Table 'token' already exists at F:\\OSPanel\\domains\\inv.metu\\vendor\\laravel\\framework\\src\\Illuminate\\Database\\Connection.php:587)
[stacktrace]
#0 F:\\OSPanel\\domains\\inv.metu\\vendor\\laravel\\framework\\src\\Illuminate\\Database\\Connection.php(587): PDOStatement->execute()
#1 F:\\OSPanel\\domains\\inv.metu\\vendor\\laravel\\framework\\src\\Illuminate\\Database\\Connection.php(816): Illuminate\\Database\\Connection->Illuminate\\Database\\{closure}()
#2 F:\\OSPanel\\domains\\inv.metu\\vendor\\laravel\\framework\\src\\Illuminate\\Database\\Connection.php(783): Illuminate\\Database\\Connection->runQueryCallback()
#3 F:\\OSPanel\\domains\\inv.metu\\vendor\\laravel\\framework\\src\\Illuminate\\Database\\Connection.php(576): Illuminate\\Database\\Connection->run()
#4 F:\\OSPanel\\domains\\inv.metu\\vendor\\laravel\\framework\\src\\Illuminate\\Database\\Schema\\Blueprint.php(110): Illuminate\\Database\\Connection->statement()
#5 F:\\OSPanel\\domains\\inv.metu\\vendor\\laravel\\framework\\src\\Illuminate\\Database\\Schema\\Builder.php(602): Illuminate\\Database\\Schema\\Blueprint->build()
#6 F:\\OSPanel\\domains\\inv.metu\\vendor\\laravel\\framework\\src\\Illuminate\\Database\\Schema\\Builder.php(456): Illuminate\\Database\\Schema\\Builder->build()
#7 F:\\OSPanel\\domains\\inv.metu\\vendor\\laravel\\framework\\src\\Illuminate\\Support\\Facades\\Facade.php(355): Illuminate\\Database\\Schema\\Builder->create()
#8 F:\\OSPanel\\domains\\inv.metu\\database\\migrations\\2024_04_12_164125_create_token_table.php(14): Illuminate\\Support\\Facades\\Facade::__callStatic()
#9 F:\\OSPanel\\domains\\inv.metu\\vendor\\laravel\\framework\\src\\Illuminate\\Database\\Migrations\\Migrator.php(493): Illuminate\\Database\\Migrations\\Migration@anonymous->up()
#10 F:\\OSPanel\\domains\\inv.metu\\vendor\\laravel\\framework\\src\\Illuminate\\Database\\Migrations\\Migrator.php(410): Illuminate\\Database\\Migrations\\Migrator->runMethod()
#11 F:\\OSPanel\\domains\\inv.metu\\vendor\\laravel\\framework\\src\\Illuminate\\Database\\Migrations\\Migrator.php(419): Illuminate\\Database\\Migrations\\Migrator->Illuminate\\Database\\Migrations\\{closure}()
#12 F:\\OSPanel\\domains\\inv.metu\\vendor\\laravel\\framework\\src\\Illuminate\\Database\\Migrations\\Migrator.php(216): Illuminate\\Database\\Migrations\\Migrator->runMigration()
#13 F:\\OSPanel\\domains\\inv.metu\\vendor\\laravel\\framework\\src\\Illuminate\\Console\\View\\Components\\Task.php(37): Illuminate\\Database\\Migrations\\Migrator->Illuminate\\Database\\Migrations\\{closure}()
#14 F:\\OSPanel\\domains\\inv.metu\\vendor\\laravel\\framework\\src\\Illuminate\\Database\\Migrations\\Migrator.php(756): Illuminate\\Console\\View\\Components\\Task->render()
#15 F:\\OSPanel\\domains\\inv.metu\\vendor\\laravel\\framework\\src\\Illuminate\\Database\\Migrations\\Migrator.php(216): Illuminate\\Database\\Migrations\\Migrator->write()
#16 F:\\OSPanel\\domains\\inv.metu\\vendor\\laravel\\framework\\src\\Illuminate\\Database\\Migrations\\Migrator.php(181): Illuminate\\Database\\Migrations\\Migrator->runUp()
#17 F:\\OSPanel\\domains\\inv.metu\\vendor\\laravel\\framework\\src\\Illuminate\\Database\\Migrations\\Migrator.php(124): Illuminate\\Database\\Migrations\\Migrator->runPending()
#18 F:\\OSPanel\\domains\\inv.metu\\vendor\\laravel\\framework\\src\\Illuminate\\Database\\Console\\Migrations\\MigrateCommand.php(90): Illuminate\\Database\\Migrations\\Migrator->run()
#19 F:\\OSPanel\\domains\\inv.metu\\vendor\\laravel\\framework\\src\\Illuminate\\Database\\Migrations\\Migrator.php(633): Illuminate\\Database\\Console\\Migrations\\MigrateCommand->Illuminate\\Database\\Console\\Migrations\\{closure}()
#20 F:\\OSPanel\\domains\\inv.metu\\vendor\\laravel\\framework\\src\\Illuminate\\Database\\Console\\Migrations\\MigrateCommand.php(83): Illuminate\\Database\\Migrations\\Migrator->usingConnection()
#21 F:\\OSPanel\\domains\\inv.metu\\vendor\\laravel\\framework\\src\\Illuminate\\Container\\BoundMethod.php(36): Illuminate\\Database\\Console\\Migrations\\MigrateCommand->handle()
#22 F:\\OSPanel\\domains\\inv.metu\\vendor\\laravel\\framework\\src\\Illuminate\\Container\\Util.php(41): Illuminate\\Container\\BoundMethod::Illuminate\\Container\\{closure}()
#23 F:\\OSPanel\\domains\\inv.metu\\vendor\\laravel\\framework\\src\\Illuminate\\Container\\BoundMethod.php(93): Illuminate\\Container\\Util::unwrapIfClosure()
#24 F:\\OSPanel\\domains\\inv.metu\\vendor\\laravel\\framework\\src\\Illuminate\\Container\\BoundMethod.php(35): Illuminate\\Container\\BoundMethod::callBoundMethod()
#25 F:\\OSPanel\\domains\\inv.metu\\vendor\\laravel\\framework\\src\\Illuminate\\Container\\Container.php(662): Illuminate\\Container\\BoundMethod::call()
#26 F:\\OSPanel\\domains\\inv.metu\\vendor\\laravel\\framework\\src\\Illuminate\\Console\\Command.php(211): Illuminate\\Container\\Container->call()
#27 F:\\OSPanel\\domains\\inv.metu\\vendor\\symfony\\console\\Command\\Command.php(326): Illuminate\\Console\\Command->execute()
#28 F:\\OSPanel\\domains\\inv.metu\\vendor\\laravel\\framework\\src\\Illuminate\\Console\\Command.php(180): Symfony\\Component\\Console\\Command\\Command->run()
#29 F:\\OSPanel\\domains\\inv.metu\\vendor\\symfony\\console\\Application.php(1096): Illuminate\\Console\\Command->run()
#30 F:\\OSPanel\\domains\\inv.metu\\vendor\\symfony\\console\\Application.php(324): Symfony\\Component\\Console\\Application->doRunCommand()
#31 F:\\OSPanel\\domains\\inv.metu\\vendor\\symfony\\console\\Application.php(175): Symfony\\Component\\Console\\Application->doRun()
#32 F:\\OSPanel\\domains\\inv.metu\\vendor\\laravel\\framework\\src\\Illuminate\\Foundation\\Console\\Kernel.php(201): Symfony\\Component\\Console\\Application->run()
#33 F:\\OSPanel\\domains\\inv.metu\\artisan(35): Illuminate\\Foundation\\Console\\Kernel->handle()
#34 {main}
"} 
